text,intent
where can I check the damn withdrawal charges?,check_cancellation_fee
i cannot check the refund current status,track_refund
I don't know how I can see the termination fee,check_cancellation_fee
need help seeing in what situations can i ask to be refunded,check_refund_policy
canceling order {{Order Number}},cancel_order
I need support trying to edit my shipping address,change_shipping_address
deliveries to {{Delivery City}},delivery_options
I do not know what to do to check the bloody withdrawal fee,check_cancellation_fee
i have gog to speak to customer support,contact_customer_service
is it possible to cancel order {{Order Number}}?,cancel_order
how do i notify of errors with payment,payment_issue
where do I cancel purchase {{Order Number}}?,cancel_order
wanna notify of a trouble with online payments,payment_issue
nded to check the termination penalties how to do it,check_cancellation_fee
checking status of refund,track_refund
I would like to see what hours I can call customer support,contact_customer_service
I have to see the withdrawal penalty,check_cancellation_fee
I want help to notify of an issue with payments,payment_issue
i expect a restitution of {{Refund Amount}} dollafs,track_refund
I don't know how I colud cancel order {{Order Number}},cancel_order
can you help me canceling purchase {{Order Number}}?,cancel_order
can i place an order frim {{Delivery Country}},delivery_options
show the available methods for shipment,delivery_options
can you tell me at what time I can call customer assistance?,contact_customer_service
need help to check what hours customer service available is,contact_customer_service
wanna check how long reimbursenents take how to do it,check_refund_policy
I'm waiting for a  compensation of {{Currency Symbol}}{{Refund Amount}},track_refund
is it possible to order from {{Delivery City}},delivery_options
help me solve a trouble with online payments,payment_issue
can i order from {{Delivery City}},delivery_options
what is ur customer assistance phone number,contact_customer_service
is it possible to order from {{Delivery City}}?,delivery_options
I have to check what hours I can reach customer support,contact_customer_service
i need assistance trying tomodify my shipping address,change_shipping_address
i have an error trying to change my address,change_shipping_address
what is the customer assistance phone number?,contact_customer_service
I don't know how to see what delivery methods I have,delivery_options
I want helo to check the cancellation fee,check_cancellation_fee
"I have to see your money back guarantee, help me",check_refund_policy
I want support modifying my address,change_shipping_address
can huelp me check ur refund policy,check_refund_policy
canmcel order {{Order Number}},cancel_order
can you help me checking what shipping options I have?,delivery_options
I want help calling customer support,contact_customer_service
I do not know how to get in touch with customer service,contact_customer_service
i cannot find the early exit fee,check_cancellation_fee
show ur money back guarantee,check_refund_policy
there are issues updating my address,change_shipping_address
i dont know whatto do to talk to customer assistance,contact_customer_service
I have to see the current status of my reimbursement,track_refund
order cancelation,cancel_order
question about cancelling purchase {{Order Number}},cancel_order
my card was declined help to inform oof a payment issue,payment_issue
I cannot find the early exit charge,check_cancellation_fee
"I can't find the early exit penalty, will you help me?",check_cancellation_fee
want supports trying to edit my address,change_shipping_address
problems with cancelling purchase {{Order Number}},cancel_order
"I want to check your reimbursement policy, how do I do it?",check_refund_policy
help trying to modify the delivery address,change_shipping_address
I have a trouble editing the address,change_shipping_address
can you tell me about updating my fucking shipping address?,change_shipping_address
what do I need to do to see the early termination penalty?,check_cancellation_fee
need to see hte goddamn early exit penalty how to do it,check_cancellation_fee
help me informing of a payment problem,payment_issue
where do I correct the fucking shipping address?,change_shipping_address
"I have to see the early termination fees, help me",check_cancellation_fee
help me canceling purchase {{Order Number}},cancel_order
I am trying to check what delivery methods are available,delivery_options
want help to report a trouble with online payment,payment_issue
how to check the fucking early termination charge?,check_cancellation_fee
I don't know how I can cancel purchase {{Order Number}},cancel_order
I need help canceling order {{Order Number}},cancel_order
I do not know how to check the cancellation  penalties,check_cancellation_fee
I have errors trying to modify my shipping address,change_shipping_address
"I want to see in what cases can I request a refund, help me",check_refund_policy
where do i report an issue with paynents,payment_issue
how do I check what hours customer service available is?,contact_customer_service
I exxpect a rebate of {{Currency Symbol}}{{Refund Amount}},track_refund
want assistance checking your reimbursement plicy,check_refund_policy
I am waiting for a reimbursement of {{Refund Amount}} dollras,track_refund
I'm waiting for a restitution of {{Refund Amount}} dollras,track_refund
I want help seeing the restitution status,track_refund
I don't know what to do to speak with cusstomer service,contact_customer_service
what do I need to do to report payment problems?,payment_issue
can you help me reporting problems with online payment?,payment_issue
i need help with cancelling order {{Order Number}},cancel_order
what do I have to do to check your reimbursement policy?,check_refund_policy
I am trying to see what hours I can contact customet service,contact_customer_service
I am waiting for a refnd of {{Refund Amount}} dollars,track_refund
assistance checking your reimbursement policy,check_refund_policy
i expect an rebate of {{Refund Amount}} dollars,track_refund
I want help to check what hours I can reach customer service,contact_customer_service
check at what time i can reach ucstomer service,contact_customer_service
I am waiting for a reimburswment of {{Currency Symbol}}{{Refund Amount}},track_refund
need to checkin which situations can i ask to be refunded,check_refund_policy
where to see what shipping methods you offer?,delivery_options
could you help menotifying of troubles with online payment?,payment_issue
help me see what hours I can reach customer support,contact_customer_service
how to notify of a trouble with online payment,payment_issue
I want to know if there are any news on my refund,track_refund
I want to notify of troubles with online payments,payment_issue
i have a problem with an adress update,change_shipping_address
i expect a refund of {{Refund Amount}} dollars has it been processed,track_refund
I want to cancel purchase {{Order Number}},cancel_order
could you help me canceling purchase {{Order Number}}?,cancel_order
I want to check in what cases can I request refunds,check_refund_policy
help me seeing in what cases can I request reimbursements,check_refund_policy
support coprrecting the address,change_shipping_address
under what circumstances can I ask to be reimbursed?,check_refund_policy
assistance trying to change the shipping address,change_shipping_address
"I want to see your damn money back policy, I need help",check_refund_policy
show me in which cases can I ask for my money back,check_refund_policy
help me see the early termination penalties,check_cancellation_fee
I can no longer afford order {{Order Number}},cancel_order
can I see in which situations can I request to be refunded?,check_refund_policy
I expect a compensation of {{Currency Symbol}}{{Refund Amount}},track_refund
I want assistance checking my refund status,track_refund
can i place an oeder from {{Delivery City}},delivery_options
i need help calling customer service,contact_customer_service
see in which cases can I request my money back,check_refund_policy
have a problem with canceling order {{Order Number}},cancel_order
assistance notifying of troubles with payments,payment_issue
want assistance to report issues with payments,payment_issue
i want help trying to edit my delivery address,change_shipping_address
my shipping address has changed how can i modify it,change_shipping_address
help me call customer assistance,contact_customer_service
I want assistance checking how long refunds usually take,check_refund_policy
help me checking the early termination fees,check_cancellation_fee
can you help me updating the shipping address?,change_shipping_address
I need help seeing your refund policy,check_refund_policy
I have a probllem with canceling order {{Order Number}},cancel_order
I have a problem with cancelling purchase {{Order Number}},cancel_order
need assistance seeing the withdrawal penalty,check_cancellation_fee
"I want to check the options for shipping, how to do it?",delivery_options
I am waiting for a compensation of  {{Currency Symbol}}{{Refund Amount}},track_refund
I have to see in whzt cases can I request to be reimbursed,check_refund_policy
I need help  checking the withdrawal charges,check_cancellation_fee
help to see what hours i can reach customer assistance,contact_customer_service
can i see in which situtaions can i request refunds,check_refund_policy
need assistance checking my compensation current status,track_refund
I want help to see if there are any news on the compensation,track_refund
I need help to see what hours customer service available is,contact_customer_service
I want help seeing in which cases can I ask for a refund,check_refund_policy
I have a problem with cancelling purchase {{Order Number}},cancel_order
I need help seeing the bloody termination penalty,check_cancellation_fee
could you help me updating the address?,change_shipping_address
need assistance trying to corrcet my delivery address,change_shipping_address
can ya help me seeing the refnd status,track_refund
how to cancel order {{Order Number}},cancel_order
there is an issue changing my address,change_shipping_address
I need help to check if there are any news on the rebate,track_refund
how can i get information about the options for delivery,delivery_options
"I need to check your refund policy , how to do it?",check_refund_policy
"my shipping address changed, can I update it?",change_shipping_address
i want help seeing in what cases can i ask to be refunded,check_refund_policy
want assistance to notify of payment issues,payment_issue
wanna see ur refund policy how to do  it,check_refund_policy
"I have to see the shipment methods, can you help me?",delivery_options
can you help me see in which cases can I ask for refunds?,check_refund_policy
"I entered a wrong shipping address, can I edit it?",change_shipping_address
I do not know what to do to check the termination fees,check_cancellation_fee
I want to know more about a delivery address change,change_shipping_address
i need help seeing the canclelation charge,check_cancellation_fee
there are problems trying to change my delivery address,change_shipping_address
i need support editing my shipping adress,change_shipping_address
I'm waiting for a reimbursement of {{Currency Symbol}}{{Refund Amount}},track_refund
assistance seeing your money back policy,check_refund_policy
I don't know what I have to do to call customer service,contact_customer_service
how to edit the address?,change_shipping_address
what do i need to do to get in touch with customer service,contact_customer_service
I have a problem updating my shipping address,change_shipping_address
i have to see the shipment options can i get some help,delivery_options
I am waitig for a damn reimbursement of {{Refund Amount}} dollars,track_refund
can you help me report an issue with online payments?,payment_issue
"I entered a wrong shipping address, how do I correct it?",change_shipping_address
know if there is anything wrong with the refund,track_refund
can i check what hours i can call customer assitsance,contact_customer_service
i want information about correcting the address,change_shipping_address
deliveries to {{Delivery Country}},delivery_options
where do I change my address?,change_shipping_address
can I check what hours I can contact customer service?,contact_customer_service
ened help with cancelling purchase {{Order Number}},cancel_order
I'm trying to see at what time i can call customer support,contact_customer_service
"my address has changed, I need help modifying it",change_shipping_address
where do i see if there are any news on the rebate,track_refund
i expect an refund of {{Refund Amount}} dollars was it processed,track_refund
i need help trying to correct my shipping address,change_shipping_address
I want to check in what situations can I request a refund,check_refund_policy
how do I see what shipping methods you offer?,delivery_options
"I want to see your reimbursement policy, I need assistance",check_refund_policy
I try to check the early termination fees,check_cancellation_fee
"I purchased some item, help canceling one of the orders",cancel_order
how to see what delivery options you offer?,delivery_options
assistance cancelling purchase {{Order Number}},cancel_order
shipmetns to {{Delivery City}},delivery_options
help me to cancel purchase {{Order Number}},cancel_order
help to cancel purchase {{Order Number}},cancel_order
I want help to inform of an error with payments,payment_issue
can i order from {{Delivery City}},delivery_options
I want to see the cancellation penalty,check_cancellation_fee
need assistance modifying the delivery addres,change_shipping_address
i have got to contact customer support how can i do it,contact_customer_service
cancelling purchase {{Order Number}},cancel_order
"I cannot find the withdrawal charge, help me",check_cancellation_fee
could you help me to cancel purchase {{Order Number}}?,cancel_order
help speaking to customer service,contact_customer_service
trouble correcting address,change_shipping_address
need to check the withdrawal penalty will uhelp me,check_cancellation_fee
can ya tell me more about changing the address,change_shipping_address
I have got to see the early exit penalties,check_cancellation_fee
what is my rebate status?,track_refund
I have to edit my delivery address,change_shipping_address
notify of fucking payment issues,payment_issue
can i see what hours customer support availabl is,contact_customer_service
help to notify of payment issues,payment_issue
shipmetns to {{Delivery City}},delivery_options
problems with the methods for shipment,delivery_options
see the available methods for shipping,delivery_options
want help to report an error with payments,payment_issue
can I place an order from {{Delivery City}}?,delivery_options
see the withdrawal penalties,check_cancellation_fee
is it possible to see in which cases can I ask for a refund?,check_refund_policy
have problems with canceling purchase {{Order Number}},cancel_order
would it be possible to check my compensation status,track_refund
can i see at what time i can contact customer support,contact_customer_service
I have got to cancel order {{Order Number}},cancel_order
is it possible to place an order from {{Delivery City}}?,delivery_options
what do I need to do to call customer assistance?,contact_customer_service
i do not know how to check my refund current status,track_refund
help with payment,payment_issue
I need to see what hours I can contact customer service,contact_customer_service
"I have got to talk with customer service, can you help me?",contact_customer_service
cance order {{Order Number}},cancel_order
help seeing what shipping options you offer,delivery_options
I cannot afford order {{Order Number}},cancel_order
what do I have to do to check your rfund policy?,check_refund_policy
"I have to check the early exit charge, help me",check_cancellation_fee
can you help me see my reimbursement status?,track_refund
can I see the termination penalty?,check_cancellation_fee
check the available delivery options,delivery_options
want assistance to check how long refunds take,check_refund_policy
can I order from {{Delivery Country}}?,delivery_options
seed under which circumstances can I ask for a refund,check_refund_policy
I don't know what I have to do to see the withdrawal charges,check_cancellation_fee
help to see at what time customer support available is,contact_customer_service
wanna see inwhich cases can i ask to be refunded i need help,check_refund_policy
where could I check the current status of the compensation?,track_refund
do ya deliver to {{Delivery City}},delivery_options
i have to report issues with online payment,payment_issue
"I cannot make a payment, I need to inform of issues",payment_issue
need help to see what shipping methods are there,delivery_options
I'm waiting for a restitution oof {{Currency Symbol}}{{Refund Amount}},track_refund
can ugive me information about changing my delivery address,change_shipping_address
I do not know how to cancel purchase {{Order Number}},cancel_order
I need assistance seeing how long refunds take,check_refund_policy
I'm waiting for a refund of {{Refund Amount}} dollrs,track_refund
will you tell me what hours I can call customer service ?,contact_customer_service
what do i have to do to inform of a payment issue,payment_issue
where can I change the delivery address?,change_shipping_address
where can i cancel purchase {{Order Number}},cancel_order
can you help me correct my delivery address?,change_shipping_address
see in what cases can I request refunds,check_refund_policy
want assistance seeing your reimbursement policy,check_refund_policy
help me seeing in which situations can I ask for a refund,check_refund_policy
I need assistance to solve a trouble with online payment,payment_issue
help me checking in what cases can I request to be refunded,check_refund_policy
want assistance reporting an error with payments,payment_issue
I would like to see the status of the rebate,track_refund
can you help me see the early exit penalties?,check_cancellation_fee
can you help me to correct my address?,change_shipping_address
can uhelp me check if there are any updates on the rebate,track_refund
"I need to see what delivery methods you offer, help me",delivery_options
"I need to call customer support, how do I do it?",contact_customer_service
I need assistance reporting errors  with online payment,payment_issue
there is an issue trying to correct the address,change_shipping_address
do you ship to {{Delivery City}}?,delivery_options
I am trying to check the fucking early exit charge,check_cancellation_fee
i chose a wrong address by mistake colud ya modify it,change_shipping_address
I need to see in which cases can I request the damn refunds,check_refund_policy
I try to change the delivery address,change_shipping_address
want help checking what shipping methods I can choose,delivery_options
I need assistance getting in touch with customer support,contact_customer_service
i have to call customer support can uhelp me,contact_customer_service
assistance seeing what shipment options are available,delivery_options
I need help seeing the early termination fee,check_cancellation_fee
I am waiting for a refund of {{Refund Amount}} dollars,track_refund
help with canceling purchase {{Order Number}},cancel_order
assistance cancelling purchase {{Order Number}},cancel_order
can you show me what hours I can call customer service?,contact_customer_service
show me what shipping methods I have,delivery_options
I expect a rebate of {{Refund Amount}} dollars,track_refund
help me to cancel my  last goddamn purchase,cancel_order
do ya have an e-mail  to contact customer support,contact_customer_service
I want assistance checking the early termination fee,check_cancellation_fee
I do not know how I can speak to customer service,contact_customer_service
do ya ship toMexico,delivery_options
assistance to see what options for delivery you offer,delivery_options
is it possible to place an order from {{Delivery Country}}?,delivery_options
I want to inform of an issue with online payment,payment_issue
I don't know what I have to do to call customer support,contact_customer_service
help to check in which cases can I request my money back,check_refund_policy
help me inform of a problem withpayment,payment_issue
can I check how long reimbursements usually take?,check_refund_policy
I have to see in what situations can I ask for a refund,check_refund_policy
how can I notify of problems with payment?,payment_issue
"I have got to speak with customer support, how can I do it?",contact_customer_service
want help cancelling purchase {{Order Number}},cancel_order
I need assistance checking the cancellation charges,check_cancellation_fee
can I see what hours I can reach customer assistance ?,contact_customer_service
help checking what shipment methods i can choose,delivery_options
assistance checking the fucking early exit penalties,check_cancellation_fee
uhave a free phone number to talk to customer assistance,contact_customer_service
showing refund status,track_refund
how do I inform of a trouble with payments?,payment_issue
I'm waiting for a reimbursement of {{Refund Amount}} dollars,track_refund
help me solving troubles with payment,payment_issue
assistance to see  ur reimbursement policy,check_refund_policy
can you help me check my restitution status?,track_refund
"I need to check your reimbursement policy, help me",check_refund_policy
"I have got to see the cancellation penalties, help me",check_cancellation_fee
want assistance checking the temrination charge,check_cancellation_fee
i try to inform of troubles with online payments,payment_issue
I need assistance tocancel order {{Order Number}},cancel_order
where to see what hours i can reach customer service,contact_customer_service
I need assistance to notify of a payment error,payment_issue
can you help me cancelong purchase {{Order Number}}?,cancel_order
i expect a reimbursement of {{Refund Amount}} dollars,track_refund
I get an error when I try to check out,payment_issue
how to inform of a problem with online payments?,payment_issue
"the address changed, can you help me change it?",change_shipping_address
I'm trying to see the early exit charge,check_cancellation_fee
question about canceling order {{Order Number}},cancel_order
want help to check the restitution status,track_refund
help me seeing what hours i can reachb customer service,contact_customer_service
can you help me inform of a problem with payment?,payment_issue
help me cancelling purchase {{Order Number}},cancel_order
check the available options for shipping,delivery_options
I'm waiting for a refund of {{Refund Amount}} dollrs,track_refund
what do i need to do to cancel order {{Order Number}},cancel_order
how to see at what time customer support available is?,contact_customer_service
what are the fees for breaking the contract?,check_cancellation_fee
I have got to check what delivery methods I can choose,delivery_options
is it possible to place an order from {{Delivery City}},delivery_options
where can I see what shipment options you offer?,delivery_options
i expect a reimbursement of {{Currency Symbol}}{{Refund Amount}},track_refund
i want assistance to inform of a problem with online payment,payment_issue
i have problems editing my delivery address,change_shipping_address
"I have got to modify my delivery address, how can I do it?",change_shipping_address
help to check what options for delivery are there,delivery_options
I have got to check the withdrawal penalty,check_cancellation_fee
help seeing at what time customer service available is,contact_customer_service
"I have to see what shipping methods I have, can you help me?",delivery_options
can you tell me what hours customer support available is?,contact_customer_service
where can i see if there are any news on the reimbursement,track_refund
help me to see in what cases can i request a reimbursement,check_refund_policy
assistance seeing if there is anything new on the rebate,track_refund
I need to inform of a trouble with online payment,payment_issue
i have got to talk to customer support,contact_customer_service
help me check the early termination penalty,check_cancellation_fee
there is a problem trying to edit my address,change_shipping_address
can uhelp me to cancel purchase {{Order Number}},cancel_order
how do i check what hours customer supporft available is,contact_customer_service
need assistance to correct my address,change_shipping_address
help me see in what case can i request the bloody refunds,check_refund_policy
I do not know what I have to do to see the termination fee,check_cancellation_fee
"I have to check the early exit fees, help me",check_cancellation_fee
I expect a bloody reimbursement of {{Refund Amount}} dollars,track_refund
how can I see the current status of my refund?,track_refund
want help seeing in which cases can I ask for a refund,check_refund_policy
I have errors chanjging the shipping address,change_shipping_address
"I want to check the shipment methods, how can I do it?",delivery_options
i dont know how to see the early termination penalty,check_cancellation_fee
where do I check the early exit charges?,check_cancellation_fee
I don't know what I have to do to see my compensation status,track_refund
I want help notifying of a payment problem,payment_issue
I need help checking what delivery options are there,delivery_options
i do ont know how i can report an issue with payment,payment_issue
I am trying to see in what cases can I ask for refunds,check_refund_policy
what do I have to do to talk with bloody customer support?,contact_customer_service
I can no longer afford purchase {{Order Number}},cancel_order
can you tell me more about updating the address?,change_shipping_address
I need help canceling purchase {{Order Number}},cancel_order
help notifying of problems with payment,payment_issue
i have problems changing my shipping addresw,change_shipping_address
i have to see the early exit epnalty how to do it,check_cancellation_fee
can you help me sdeing the early exit penalties?,check_cancellation_fee
"I cannot pay for this product, cancel order {{Order Number}}",cancel_order
I'm waiting for a restitution of {{Refund Amount}} dollars,track_refund
i have chosen a wrong bloody delivery address by mistale,change_shipping_address
is it possible to check the early termination charges,check_cancellation_fee
troubles with online payments,payment_issue
hoe can i check the withdrawal penalties,check_cancellation_fee
"I no longer want order {{Order Number}}, I would like to cancel it",cancel_order
I want help to check what hours I can call customer service,contact_customer_service
I expect a damn rebate of {{Refund Amount}} dollars,track_refund
"I cannot pay, help me informing of damn issues with payments",payment_issue
can you help me to see the withdrawal charge?,check_cancellation_fee
is it possible to place an order from {{Delivery City}}?,delivery_options
how can I check what hours I can call customer support?,contact_customer_service
I'm waiting for a compensation of {{Currency Symbol}}{{Refund Amount}},track_refund
i want help to cancel order {{Order Number}},cancel_order
I want to see at what time I can call customer support,contact_customer_service
problems changing delivery address,change_shipping_address
I don't know what to do to cancel purchase {{Order Number}},cancel_order
I have to check in what situations can I request a refund,check_refund_policy
where could I edit the address?,change_shipping_address
I am waiting for a compensation of {{Currency Symbol}}{{Refund Amount}},track_refund
I want to see your  refund policy,check_refund_policy
I want help canceling purchase {{Order Number}},cancel_order
are there early exit fees?,check_cancellation_fee
can ya help me seeing the terminatio penalties,check_cancellation_fee
help to see in what cases can I ask for a reimbursement,check_refund_policy
I want help trying to edit my addreds,change_shipping_address
help to call customer support,contact_customer_service
"I can't pay, can you help me notifying of payment errors?",payment_issue
I try to inform of a trouble with online payment,payment_issue
can I place an order from {{Delivery City}}?,delivery_options
help me to talk with customer service,contact_customer_service
I don't know how to cancel purchase {{Order Number}},cancel_order
I do not know how to infgorm of payment problems,payment_issue
I try to see in what cases can I request a reimbursement,check_refund_policy
I need to check in what cases can I request reimbursements,check_refund_policy
helpme seeing the early exit fee,check_cancellation_fee
can you help me check the early exit penalties?,check_cancellation_fee
need help with canceling order {{Order Number}},cancel_order
I don't know how to see the early termination charges,check_cancellation_fee
I need help checking in what cases can I request refunds,check_refund_policy
I have a trouble correcing the address,change_shipping_address
I need help to see in what cases can I ask to be refunded,check_refund_policy
can you help me cancelling order {{Order Number}}?,cancel_order
I want to inform of an issue with online payments,payment_issue
help me modify the shipping address,change_shipping_address
any news on the refund,track_refund
help me checking in what cases can I ask for  reimbursements,check_refund_policy
call customer support,contact_customer_service
where can I notify of problems with payent?,payment_issue
need help to see my rebate current status,track_refund
there is an issue modifying my address,change_shipping_address
help me to see the cancellation fee,check_cancellation_fee
need help with canceling order {{Order Number}},cancel_order
in which cases can i request to be refunded,check_refund_policy
I have got to see in which cases can I ask to be reimbursed,check_refund_policy
I can't see if there is anything new on the compensation,track_refund
I have problems with cancelling purchase {{Order Number}},cancel_order
i do not know how to call customer assistance,contact_customer_service
solve issue with payment,payment_issue
where do i inform of payment problems,payment_issue
where could I notify of a payment issue?,payment_issue
I am  trying to check the early exit fees,check_cancellation_fee
I'm waiting for a ocmpensation of {{Refund Amount}} dollars,track_refund
I try to talk to customer assistance,contact_customer_service
canuhelp me to see the cancellation penalty,check_cancellation_fee
what do I have to do to call customer service?,contact_customer_service
"I want to modify the address, how can I do it?",change_shipping_address
I want help to see in which situations can I ask for refunds,check_refund_policy
I want to check in which situations can I request refunds,check_refund_policy
can you help me to cancel order {{Order Number}}?,cancel_order
is it possible to place an order from {{Delivery City}},delivery_options
I'm trying to see the rebate current status,track_refund
could you help me checking the refund current status?,track_refund
i try to notify of an issue with online payment,payment_issue
I'm trying to see the cancellation fee,check_cancellation_fee
i need help checking the termination fee,check_cancellation_fee
I need help to see what methods for delivery you offer,delivery_options
d uship to {{Delivery City}},delivery_options
can uhelp me ot check the goddamn early exit penalties,check_cancellation_fee
i have to check what methods for delivery i have,delivery_options
were do i report damn troubles with payment,payment_issue
assistance seeing the shipping methods,delivery_options
do you have a toll-free customer service number?,contact_customer_service
help canceling purchase {{Order Number}},cancel_order
i need help to inform of troubls with payment,payment_issue
how do I see at what time I can call customer support?,contact_customer_service
can uhelp me to notify of errors with payment,payment_issue
I have got to see what delivery options are there,delivery_options
is it possible to see the termination fees,check_cancellation_fee
I am trying to notify of problems with online payment,payment_issue
canceling purchase {{Order Number}},cancel_order
I don't know what I have to do to modify my delivery address,change_shipping_address
how do I edit my address?,change_shipping_address
how do I change my address?,change_shipping_address
I want assistance cancelling order {{Order Number}},cancel_order
i cant make payments notify of issujes,payment_issue
want help canceling purchase {{Order Number}},cancel_order
i try to cancel order {{Order Number}},cancel_order
od ya deliver to {{Delivery Country}},delivery_options
where can i check the early exit charges,check_cancellation_fee
will you give me information about updating the address?,change_shipping_address
where do i inform of goddamn problems with online paymnts,payment_issue
i try to see in which situations can i ask for refunds,check_refund_policy
uhave a free number to talk to customer support,contact_customer_service
I am trying to inform of payment problems,payment_issue
do you ship  to {{Delivery Country}}?,delivery_options
I want to check what hours I can contact customer support,contact_customer_service
assistance to see in which cases can i ask for refunds,check_refund_policy
i need assistance trying to update the shipping address,change_shipping_address
I'd like to soeak with customer assistance could uhelp me,contact_customer_service
help me seeing in which cases can I ask for my money back,check_refund_policy
how to check at what time i can reach customer service,contact_customer_service
can you help me solve issues with payment?,payment_issue
help me  to check in what cases can i ask to be refunded,check_refund_policy
I need to see what hours I can contact customer support,contact_customer_service
I need to check what shipment methods I have,delivery_options
assistance seeing how olng refunds take,check_refund_policy
wanna know about an address modification,change_shipping_address
how to see the withdrawal penalty?,check_cancellation_fee
I need help seeing in which cases can I ask for a refund,check_refund_policy
"I no longer want purchase {{Order Number}}, can you cancel it?",cancel_order
"I am waiting for a restitution of {{Currency Symbol}}{{Refund Amount}}, was it processed",track_refund
I can't find the termination fees,check_cancellation_fee
i dont know what to do to cancel order {{Order Number}},cancel_order
i cannot see if there is anything new on the compensation,track_refund
is it possible to see in which cases can i ask for refunds,check_refund_policy
I am looking for information about an address update,change_shipping_address
solving payment errors,payment_issue
"I need to see the cancellation penalties, will you help me?",check_cancellation_fee
"I have got to cancel purchase {{Order Number}}, help me",cancel_order
do uship to {{Delivery City}},delivery_options
I want help cancellkng purchase {{Order Number}},cancel_order
is it possible to place na order from {{Delivery Country}},delivery_options
I want help informing of problems with payment,payment_issue
assistance to contact goddamn customer support,contact_customer_service
I need assistance cancelling order {{Order Number}},cancel_order
could I place a damn order from {{Delivery Country}}?,delivery_options
help me to check what hours i can call customerr service,contact_customer_service
I cannot find anything about the termination charges,check_cancellation_fee
need to check in what cases can i request to be refunded,check_refund_policy
I need assistance seeing the compensation current status,track_refund
I need to check the termination charge,check_cancellation_fee
where can I get information about changing the address?,change_shipping_address
I expect a fucking compensation of {{Currency Symbol}}{{Refund Amount}},track_refund
need to check what methods for delivery i can choose help me,delivery_options
"I can't make a payment, inform of an error with payment",payment_issue
how can I notify of an error with online payment?,payment_issue
i do not know how i can see the early exit charges,check_cancellation_fee
issue with payments,payment_issue
assistance to see in what situations can i ask for a refund,check_refund_policy
help me check what goddamn shipping options are available,delivery_options
how could I get in touch with fucking customer service?,contact_customer_service
what are the available methods for shipment?,delivery_options
I need help checking the early exit charge,check_cancellation_fee
could I check in what cases can I request reimbursements?,check_refund_policy
"I want to see the methods for delivery, can you help me?",delivery_options
I do not know how I could cancel purchase {{Order Number}},cancel_order
will you show me what delivery methods I can choose?,delivery_options
I need to see in which cases can I ask for a reimbursement,check_refund_policy
can you help me to see what delivery options I have?,delivery_options
check in whicch cases can i ask to be refunded,check_refund_policy
"I want to contact customer support, can I get some help?",contact_customer_service
help with canceling purchase {{Order Number}},cancel_order
I have got to inform of damn errors with online payment,payment_issue
i expect a reimbursement of {{Currency Symbol}}{{Refund Amount}},track_refund
how do I check your money back policy ?,check_refund_policy
i do not know how to check the early termination fee,check_cancellation_fee
problems with a goddamn address update,change_shipping_address
show me in what situations can i ask for my money back,check_refund_policy
need help ot check in what cases can I ask for refunds,check_refund_policy
assistance notifying of a trouble wigh online payment,payment_issue
support trying to update mh address,change_shipping_address
i need help with cancelling purchase {{Order Number}},cancel_order
I wantassistance trying to update my address,change_shipping_address
I expect a refund of {{Refund Amount}} dollars,track_refund
I can no longer afford order {{Order Number}},cancel_order
shipnents to {{Delivery Country}},delivery_options
I need assistance seeing how long reimbursements take,check_refund_policy
tell me about a delivery address change,change_shipping_address
in what cases can I ask to be reimbursed?,check_refund_policy
how to see if there is anything wrong with the restitution?,track_refund
shiping to {{Delivery City}},delivery_options
I don't know what to do to contact customer assistance,contact_customer_service
assistance seeing the termination penalty,check_cancellation_fee
i expect a rebate of {{Refund Amount}} dollars,track_refund
"I have to talk to customer support, will you help me?",contact_customer_service
I need to see the cancellation fees,check_cancellation_fee
I tryh to check the termination fees,check_cancellation_fee
I need information about correcting the address,change_shipping_address
I want assistance solving problems with online payments,payment_issue
where to check te termination charges,check_cancellation_fee
i have a question about  canceling order {{Order Number}},cancel_order
supports editing the address,change_shipping_address
what do I need to do to cancel purchase {{Order Number}}?,cancel_order
I try to edit the address,change_shipping_address
need assistance withcanceling purchase {{Order Number}},cancel_order
what do i have to do to cancel purchase {{Order Number}},cancel_order
I have to check if there are any updates on the restitution,track_refund
"I expect a restitution of {{Currency Symbol}}{{Refund Amount}}, was it processed",track_refund
what do I have to do to cancel purchase {{Order Number}}?,cancel_order
i try to see the early temrination penalty,check_cancellation_fee
i need help trying to edit my shipping address,change_shipping_address
help me see under which circumstances can i request a refund,check_refund_policy
where to edit my delivery address?,change_shipping_address
I want help solving a problem with online payment,payment_issue
"I need to check the termination charge, how to do it?",check_cancellation_fee
assistance to see the restitution status,track_refund
where can I see what shipping methods are available?,delivery_options
I'm waiting for a restitution of {{Refund Amount}} dollras,track_refund
help me check in what cases can I request to be reimbursed,check_refund_policy
i dont know what to do to talk with customer assistance,contact_customer_service
can ya show me in which cases can i request a refund,check_refund_policy
I'm trying to notify of payment problems,payment_issue
I need help cancelling order {{Order Number}},cancel_order
i do not nkow how to see the early termination penalty,check_cancellation_fee
supports trying to modify theaddress,change_shipping_address
I do not know what I have to do to cal customer assistance,contact_customer_service
how to see ta what time I can call customer support?,contact_customer_service
can I place an order from {{Delivery Country}}?,delivery_options
is it possible to cancel order {{Order Number}},cancel_order
how can i talk wiht customer service,contact_customer_service
I am trying to check in what cases can I request a refund,check_refund_policy
I have a problem correcting te shipping address,change_shipping_address
can i check the withdrawal penalty,check_cancellation_fee
help me cancelling purchase {{Order Number}},cancel_order
how much will you charge me for canceling the contract?,check_cancellation_fee
do you have a free number to talk with customer service?,contact_customer_service
ened assistance to see the termination penalties,check_cancellation_fee
help me check the terminatio charges,check_cancellation_fee
is it possible to talk with customer assistance?,contact_customer_service
I don't know how to cancel purchase {{Order Number}},cancel_order
help me to see what delivery options i have,delivery_options
need to modify my delivery address,change_shipping_address
i have to check the early exit fee will uhelp me,check_cancellation_fee
question about cancelling order {{Order Number}},cancel_order
"I expect a refund of {{Refund Amount}} dollars, has it been processed?",track_refund
I don't know how I can report an error with online payment,payment_issue
I can't find anything about the termination penalty,check_cancellation_fee
deliveries to {{Delivery City}},delivery_options
I need help to check what hours I can call customer service,contact_customer_service
how do I see the withdrawal charge?,check_cancellation_fee
help me check what hours i can call customer assistancr,contact_customer_service
assistance seeing at what time customer support available is,contact_customer_service
"I can't pay for this item, can I cancel order {{Order Number}}?",cancel_order
i need help to see in which cases can i ask for refunds,check_refund_policy
i do not know what to do to inform of a payment issue,payment_issue
need assistance seeing what shipping methods I have,delivery_options
need assistance with canceling order {{Order Number}},cancel_order
I want to know about the options for shipment,delivery_options
show me under which circumstances can I ask to be reimbursed,check_refund_policy
I czn't find the early termination penalties,check_cancellation_fee
question about cancelling purchase {{Order Number}},cancel_order
"I have to check what shipping options I have, I need help",delivery_options
where to see the cancellation fee?,check_cancellation_fee
I am trying to cancel purchase {{Order Number}},cancel_order
how do i know if there are any updates on my rebate,track_refund
I have a problem with a delivery address modification,change_shipping_address
I'm waiting for a refund of {{Refund Amount}} dollrs,track_refund
can you help me talk with customer support?,contact_customer_service
can you help me check the goddamn status of the rebate?,track_refund
I need help trying to upadte the shipping address,change_shipping_address
I do not know how I can check the status of my compensation,track_refund
where can I see the withdrawal charges?,check_cancellation_fee
"the shipping address has changed, how can I correct it?",change_shipping_address
i have got to see the delivery methods how do i do it,delivery_options
is it possible to order from {{Delivery City}}?,delivery_options
i dont want purchase {{Order Number}} could i cancel it,cancel_order
"I want to check my rebate current status, could you help me?",track_refund
where to see at what time customer support available is?,contact_customer_service
i have a question about a goddamn shipping address change,change_shipping_address
need help notifying of an issue with payments,payment_issue
need assistance modifying theshipping address,change_shipping_address
I expect a restitution of {{Currency Symbol}}{{Refund Amount}},track_refund
problems with cancelling purchase {{Order Number}},cancel_order
deliveries to {{Delivery City}},delivery_options
is it possible toorder from {{Delivery City}},delivery_options
i want assistance to cancel order {{Order Number}},cancel_order
reporting issues with payment,payment_issue
help me seeing in which cases can I request my money back,check_refund_policy
how to check the options for delivery?,delivery_options
i no longer want purchase  {{Order Number}},cancel_order
can you help me call fucking customer sujpport?,contact_customer_service
I expect a compendation of {{Currency Symbol}}{{Refund Amount}},track_refund
i dont know how to see ur goddamn money back guarantee,check_refund_policy
I need assistance solving payment errors,payment_issue
problem with cancelling purchase {{Order Number}},cancel_order
where do I see what hours I can reach customer assistance?,contact_customer_service
where do I check the early termination charges?,check_cancellation_fee
need help to see in what cases can I request my money back,check_refund_policy
is it possibe to inform of errors with payment?,payment_issue
could you help me to report troubles with online payments?,payment_issue
how do i check at what time i can call  customer service,contact_customer_service
I try to see the rebate status,track_refund
deliverids to {{Delivery Country}},delivery_options
i dont knoq how i can report errors with payments,payment_issue
help seeing the shipment methods,delivery_options
I'm waiting for a goddamn compensation of {{Refund Amount}} dollars,track_refund
I do not know how to check the delivery methods,delivery_options
i do not know what i need to do to speak to customer service,contact_customer_service
report issue with payments,payment_issue
help me to seed in what situations can I ask to be refunded,check_refund_policy
shipping to {{Delivery City}},delivery_options
supports changing my address,change_shipping_address
want asistance canceling order {{Order Number}},cancel_order
"I have to see how long reimbursements take, I need help",check_refund_policy
could ya help me to check the termination fee,check_cancellation_fee
tell me more about updating the address,change_shipping_address
I'd like to see in which situations can i ask for reunds,check_refund_policy
I try to contact customer support,contact_customer_service
the shipping address changed could ya help me changing it,change_shipping_address
could I see in which cases can I ask to be refunded?,check_refund_policy
what do I need to do to call cusromer support?,contact_customer_service
where to inform of a trouble with payment ?,payment_issue
I want supports changing the shipping address,change_shipping_address
can I order from {{Delivery City}}?,delivery_options
assistance to see what shipping options uoffer,delivery_options
do uhavea toll-free number to speak to customer assistance,contact_customer_service
I have to see in hwat situations can I ask for a refund,check_refund_policy
show me in which situations can I ask for reimbursements,check_refund_policy
do you ship to {{Delivery Country}}?,delivery_options
anything new on my goddamn reimbursement,track_refund
I want assistance checking what delivery methods I have,delivery_options
I want assistance to check my reimbursement status,track_refund
I'm waiting for a restitution of {{Refund Amount}} dollras,track_refund
"I have to see the status of my refund, how could I do it?",track_refund
I havd problems with a shipping address update,change_shipping_address
want assistance to see the terminatoin charges,check_cancellation_fee
shipmetns to {{Delivery City}},delivery_options
can ya help me to check ur reimbursement policy,check_refund_policy
is it possible to place an order from {{Delivery City}} ?,delivery_options
there is an issue trying to change the shipping address,change_shipping_address
help to get in touch with customer support,contact_customer_service
can I ordrr from {{Delivery City}}?,delivery_options
is it possible to order from {{Delivery City}}?,delivery_options
notify of a problem with payment,payment_issue
i dont knnow how to notify of an error with online payment,payment_issue
"I have entered a wrong shipping address, I want to modify it",change_shipping_address
want help seeing in what cases can I request to be refunded,check_refund_policy
check what hours I can reach customer support,contact_customer_service
I do not know what to do to check the termination penalties,check_cancellation_fee
"the fucking shipping address changed, could you update it?",change_shipping_address
can ya help me inform of a trouble with payment,payment_issue
I am trying to update my shipping address,change_shipping_address
I want to inform of problems with payment,payment_issue
I want assistance informing of an error with payments,payment_issue
what do I need to do to cancel purchase {{Order Number}}?,cancel_order
I need help contacting customerservice,contact_customer_service
I have to notify of payment isues,payment_issue
I have to see how long refunds take,check_refund_policy
I need assistance checkng the early exit penalties,check_cancellation_fee
need supports trying to modify my delivery address,change_shipping_address
"I have got to cancel purchase {{Order Number}}, how do I do it?",cancel_order
can you help me checking the cancellation charge?,check_cancellation_fee
I cannot find anything about the early exit charges,check_cancellation_fee
i can no longer pay for order {{Order Number}},cancel_order
check the available shipping options,delivery_options
want help to check the early termination penalties,check_cancellation_fee
I want to modify the delivery address,change_shipping_address
i have to check ur money back guarantee help me,check_refund_policy
i have an issue editing my address,change_shipping_address
i need assistance with canceling order {{Order Number}},cancel_order
"I need to see in what cases can I request a refund, help me",check_refund_policy
i want assistance to get  in touch with customer service,contact_customer_service
help regarding payment,payment_issue
help me check what hours i can contact customer service,contact_customer_service
I need help checking the early termination penalties,check_cancellation_fee
I want help correcting the address,change_shipping_address
anyone available at customer assistance,contact_customer_service
shipments to {{Delivery City}},delivery_options
what do I have to do to call fucking customer support?,contact_customer_service
"I have to check the shipment options, help me",delivery_options
I'm waiting for a compensation of {{Currency Symbol}}{{Refund Amount}},track_refund
could uhelp me cancelin order {{Order Number}},cancel_order
I'm waiting for a reimbursement of {{Currency Symbol}}{{Refund Amount}},track_refund
I need assistance to solve a trouble with online paymentsd,payment_issue
assistance to see the shipping methods,delivery_options
I try to see in what situations can I request reimbursements,check_refund_policy
I need help checking the early exit fee,check_cancellation_fee
I do not know how I can cancel purchase {{Order Number}},cancel_order
in which situations can I ask for reimbursements?,check_refund_policy
i dont know how to see what methods for delivery i have,delivery_options
assistance checking what shipment options you offer,delivery_options
how to inform of payment probloems?,payment_issue
see in which cases can I ask to be reimbursed,check_refund_policy
have problems with canceling purchase {{Order Number}},cancel_order
i have got to see in which cases can i request my money back,check_refund_policy
I have issues trying to change the damn address,change_shipping_address
i need help checking in what cases can i ask  to be refunded,check_refund_policy
i nedd supports editing my address,change_shipping_address
I am waiting for a reimbursement of {{Currency Symbol}}{{Refund Amount}},track_refund
I need to check the early terfmination fee,check_cancellation_fee
I need assistance to see the withdrawal fees,check_cancellation_fee
in what cases can I request a refund?,check_refund_policy
problems with cancelling purchase {{Order Number}},cancel_order
there is an issue modifying the shipping address,change_shipping_address
where can i check what hours i can reach customer service,contact_customer_service
assistance to notify of problems with payment,payment_issue
I need assistance to cancel purchase {{Order Number}},cancel_order
tracking refund,track_refund
want help seeing in which situations can I ask for a refund,check_refund_policy
where can i check the termination penalties,check_cancellation_fee
can I ordrr from {{Delivery City}}?,delivery_options
"I need to speak to customer service, how do I do it?",contact_customer_service
I watn help to check in what cases can I ask for a refund,check_refund_policy
need help to see the status of my refund,track_refund
is it possible to order from {{Delivery Country}},delivery_options
I have a question about canceling order {{Order Number}},cancel_order
I want hwlp to correct the shipping address,change_shipping_address
I want help notifying of an error with online payment,payment_issue
I can no longer afford order {{Order Number}},cancel_order
I am waiting for a reimburswment of {{Currency Symbol}}{{Refund Amount}},track_refund
I am waiting for a compensation of {{Refund Amount}} dollars,track_refund
where do I check the early exit charge?,check_cancellation_fee
"I want to get in touch with customer assistance, I need help",contact_customer_service
want support  editing my shipping address,change_shipping_address
i need help to update my address,change_shipping_address
I have to report problems with payment,payment_issue
where do i check the cancellation penalty,check_cancellation_fee
is it possible to cancel purchase {{Order Number}},cancel_order
can ya show me at what time customer assistance available is,contact_customer_service
i want assistance to cancel order {{Order Number}},cancel_order
I need assistance to see the early termination charges,check_cancellation_fee
i try to see in which cases can i request refunss,check_refund_policy
can you tell me more about correcting the bloody address?,change_shipping_address
could I see in which cases can I request a fucking refund?,check_refund_policy
can ya help me to see what shipment options i have,delivery_options
I want help seeing what hours I can reach customer service,contact_customer_service
I cannot see your bloody reimbursement policy,check_refund_policy
can you help me to speak with customer assistance?,contact_customer_service
help me notifying of an error with payment,payment_issue
i dont know how i can speak to customer support,contact_customer_service
"I want to see the delivery methods, help me",delivery_options
help me canceling purchase {{Order Number}},cancel_order
cance order {{Order Number}},cancel_order
help me see in which situations can I ask to be refunded,check_refund_policy
"I want to see what shipment options I can choose, help me",delivery_options
where can I check the withdrawal charge?,check_cancellation_fee
want help to talk to customer srvice,contact_customer_service
want assistance informing of problems with online payment,payment_issue
help checking if there is anything wrong with the refund,track_refund
I need help to know if there are any updates on my refund,track_refund
what hours can I call customer assistance?,contact_customer_service
need to see what hours i can contacy customer assistance,contact_customer_service
I want to notify of an issue with payments,payment_issue
i cant find the bloody early exit fee could yahelp me,check_cancellation_fee
I don't know what to do to cancel purchase {{Order Number}},cancel_order
is it possible to order from {{Delivery Country}}?,delivery_options
how do I check what methods for delivery are there?,delivery_options
help seeing in which cases can I request to be refunded,check_refund_policy
I don't know how to change the shipping address,change_shipping_address
assisance seeing in what cases can i request a refund,check_refund_policy
can i see the cancellation charges,check_cancellation_fee
can you help me to see the restitution status?,track_refund
can ya help me to solve atrouble with payments,payment_issue
I try to check at what time I can reach customer support,contact_customer_service
i do not know what to do to see the options for shipping,delivery_options
I am waiting for a refund of {{Currency Symbol}}{{Refund Amount}},track_refund
I want help trying to edit my shipping address,change_shipping_address
I do not know what to do to check the options for shipment,delivery_options
"I want to correct the shipping address, can you help me?",change_shipping_address
help me check what methods for delivery you offer,delivery_options
can  uhelp me canceling order {{Order Number}},cancel_order
need to update my address,change_shipping_address
need assistance seeing the cancellation penalty,check_cancellation_fee
I have problems with the options for shipment,delivery_options
where could I inform of bloody issues with payment?,payment_issue
I have to check at what time I can reach customer support,contact_customer_service
do you ship to {{Delivery City}}?,delivery_options
I am trying to cancel purchase {{Order Number}},cancel_order
"I have to see if there is anything new on my refund, help me",track_refund
seeing the delivery methods,delivery_options
"I have to check the early exit charge, how can I do it?",check_cancellation_fee
I need assistance checking the goddamn early exit penalty,check_cancellation_fee
i dont know how to inform of payment errors,payment_issue
I want assistance checking how long refunds take,check_refund_policy
want help seeing the current status of my reimbursement,track_refund
where do I cancel purchase {{Order Number}}?,cancel_order
help me modify ym shipping address,change_shipping_address
need assistance cancelling order {{Order Number}},cancel_order
I try to see in what situations can I ask to be refunded,check_refund_policy
I have got to notify of issues wit payments,payment_issue
I need assistance canceling order {{Order Number}},cancel_order
I have got to see what hours I can reach customer assistance,contact_customer_service
i expect a rebate of {{Refund Amount}} dollars,track_refund
help me to check the termination fees,check_cancellation_fee
wanna see what shipping methods are available how to do it,delivery_options
in which situations can I ask for a goddamn reimbursement?,check_refund_policy
could I place a damn order from {{Delivery Country}}?,delivery_options
I need help notifying of issues with online payment,payment_issue
would it be possible to see the early exit penalty?,check_cancellation_fee
I do not know what I have to do to cal customer service,contact_customer_service
what do I need to do to track my reimbursement?,track_refund
assistance checking what damn shipping methods I have,delivery_options
how can i see what hours customer service available is,contact_customer_service
I am calling to check what shipping options are there,delivery_options
I want supports trying to update my delivery address,change_shipping_address
notifying of problems with payments,payment_issue
I don't know how to inform of a trouble with payment,payment_issue
"I have to see the fucking delivery options, how to do it?",delivery_options
how could I get information aout an address update?,change_shipping_address
i dont know what to do to notify of issues with payment,payment_issue
could you show me in which cases can I ask for a refund?,check_refund_policy
I have to modify my delivery address,change_shipping_address
there are errors trying to modify my shipping address,change_shipping_address
is it possible to place an order from {{Delivery City}}?,delivery_options
can ya tell me about modiyfing my address,change_shipping_address
find information about the methods for shipment,delivery_options
i want help checking what methods for delivery uoffer,delivery_options
i need assistance to notify of issues wih payment,payment_issue
help me checking in what cases can i ask for refunds,check_refund_policy
can uhelp me to report a trouble with online payment,payment_issue
informing of issues with payments,payment_issue
how do i check what delivery methods are available,delivery_options
"I can't make a transfer, I need to inform of payment issues",payment_issue
i try to change the shipping acdress,change_shipping_address
have a problem with canceling order {{Order Number}},cancel_order
need help checking what shipping options are available,delivery_options
show ur money back policcy,check_refund_policy
"I  have got to check the shipment options, I need help",delivery_options
i have to check the cancellation penalty,check_cancellation_fee
how to update the shipping address?,change_shipping_address
I want to check at what time I can call customer assistance,contact_customer_service
"the address has changed, help me modify it",change_shipping_address
reporting trouble with payments,payment_issue
Ineed assistance to see the withdrawal charges,check_cancellation_fee
help seeing under what circumstances can I request refunds,check_refund_policy
help knowing if there is anything new on the restitution,track_refund
I'm waiting for a rebate of {{Currency Symbol}}{{Refund Amount}} was it processed,track_refund
help to see the early termination charge,check_cancellation_fee
is it possible to check in what cases can I request refunds?,check_refund_policy
can ya help me inform of errors with online payment,payment_issue
support editing the delivery address,change_shipping_address
help talking with customer assistance,contact_customer_service
I want assistance canceling purchase {{Order Number}},cancel_order
can you help me to see what shipment options I have?,delivery_options
I am trying to check what shipping options you offer,delivery_options
"I have got to report a payment problem, will you help me?",payment_issue
"I have to see how long refunds take, I need help",check_refund_policy
"I have to talk with customer service, how can I do it?",contact_customer_service
I need help to see what shipping methods I have,delivery_options
I need to ese the early exit fee,check_cancellation_fee
iwant assistance canceling order {{Order Number}},cancel_order
I want support trying to correct my delivery address,change_shipping_address
I cannot pay for purchase {{Order Number}},cancel_order
I don't know what I have to do to check the withdrawal fees,check_cancellation_fee
i dont know how i could correct the address,change_shipping_address
is it possibleto place an order from {{Delivery City}},delivery_options
can  uhelp me canceling order {{Order Number}},cancel_order
i dont know how i can notify of an error with online payment,payment_issue
do uship to {{Delivery City}},delivery_options
I need help to check the early termination penalty,check_cancellation_fee
I need assistance to see your money bac guarantee,check_refund_policy
I need assistance to cancel purchase {{Order Number}},cancel_order
want help to cancel purchase {{Order Number}},cancel_order
check what hours I can contact customer support,contact_customer_service
I have to speak with customer support,contact_customer_service
I have problems with  an address correction,change_shipping_address
i need assistance to track the restitution,track_refund
I don't want purchase {{Order Number}},cancel_order
can you help me check the termination charge?,check_cancellation_fee
help to check what hours I can reach customer service,contact_customer_service
how can i report problems with online payments,payment_issue
where could I get information about the delivery methods?,delivery_options
could you help me check the termination penalty?,check_cancellation_fee
i do not know what i have to do to check the withdrawal fee,check_cancellation_fee
iwant assistance canceling order {{Order Number}},cancel_order
I have to reporta trouble with payment,payment_issue
help to see what hours I can reach customer service,contact_customer_service
can i order from {{Delivery Country}},delivery_options
I want information about correcting the address,change_shipping_address
could I see in what situations can I request my money back?,check_refund_policy
can you help me to inform of an error with online payment?,payment_issue
want help solving a problem with payments,payment_issue
do ya ship toCanada,delivery_options
icannot afford order {{Order Number}} could i cancel it,cancel_order
I want assistance to solve a problem with payments,payment_issue
want assistance to know if there are any news on my rebate,track_refund
do you shp to {{Delivery City}}?,delivery_options
uhave a free number to talk to customer service,contact_customer_service
I expect a reimbursmeent of {{Refund Amount}} dollars,track_refund
i want help to check the current status of my compensation,track_refund
I need help to check the early termination fee,check_cancellation_fee
I have an issue editing the shipping address,change_shipping_address
i expect a refund of {{Currency Symbol}}{{Refund Amount}},track_refund
can i see the withdrawal fees,check_cancellation_fee
help me see in which cases can i ask to be refunded,check_refund_policy
where culd i cancel order {{Order Number}},cancel_order
I want to edit my address,change_shipping_address
"I expect a restitution of {{Currency Symbol}}{{Refund Amount}}, was it processed already",track_refund
i havegot to cancel purchase {{Order Number}},cancel_order
how to see the current status of my compensation?,track_refund
i want assistance to cancel purchase {{Order Number}},cancel_order
can ya tell me about modifying the shipping  address,change_shipping_address
I need assistnce seeing the termination penalty,check_cancellation_fee
assistance seeing how long reimbursements usually take,check_refund_policy
"I cannot find the early termination fee, I need help",check_cancellation_fee
want help to cancel purchase {{Order Number}},cancel_order
could I talk to customer support?,contact_customer_service
i have to check what shipment options uoffer,delivery_options
need to check what shipping options are available,delivery_options
what fucking hours can I call customer support?,contact_customer_service
camceling order {{Order Number}},cancel_order
I want assidtance to check the early exit penalty,check_cancellation_fee
I have an error editing the delivery address,change_shipping_address
I don't know how to inform of troubles with payment,payment_issue
i cant find the cancellation penalty,check_cancellation_fee
i want assistance to notify of errors with payment,payment_issue
"I want to speak with customedr assistance, help me",contact_customer_service
help me to notify of issues with payments,payment_issue
could I see in what cases can I request to be refunded?,check_refund_policy
how to know if there is anything new on the reimbursement,track_refund
wanna see at what time i can reach customer support,contact_customer_service
tell me about a shipping address modification,change_shipping_address
where to check at what time i can contact customer support,contact_customer_service
can I place an order from {{Delivery City}}?,delivery_options
I want help cancelling purchase {{Order Number}},cancel_order
help with cancelling purchase {{Order Number}},cancel_order
i need help informing of errors with payment,payment_issue
wanna check the termination penalties,check_cancellation_fee
I do not know how I could get in touch with customer support,contact_customer_service
can uhelp me cancelling purchase {{Order Number}},cancel_order
help me to see at what time customer service available is,contact_customer_service
"I want to check the early exit charges, how to do it?",check_cancellation_fee
help to see in what cases can I ask to be reimbursed,check_refund_policy
what are the withdrawal fees?,check_cancellation_fee
see restitution current status,track_refund
can I see in what situations can I request to be reimbursed?,check_refund_policy
i try to modify the shippig address,change_shipping_address
help me see in what cases can I reuest my money back,check_refund_policy
"I want to check the early exit fee, could you help me?",check_cancellation_fee
find information about modifying the delivery address,change_shipping_address
uhave a free of charge number to talk with customer support,contact_customer_service
what do i have to do to inform of problems with payments,payment_issue
reporting payment issue,payment_issue
i cannot see if there is anything new on my refund,track_refund
tell me at what time I can call customer service,contact_customer_service
what do i have to do to see ur money back guarantee,check_refund_policy
is it possible to order from {{Delivery City}},delivery_options
help me seeing if there is anything new on the reimbursement,track_refund
i cant afford order {{Order Number}},cancel_order
there are problems correcting my address,change_shipping_address
assistance to solve an issue with online payment,payment_issue
is it possible to place a bloody order from {{Delivery City}},delivery_options
need to check if there are any updates on my compensation,track_refund
"I can't pay, how could I notify of a payment problem?",payment_issue
can I order from {{Delivery City}}?,delivery_options
help me seeing what delivery methods I can choose,delivery_options
I want to see in which cases can I ask for my money back,check_refund_policy
I'm trying to see the early exit fees,check_cancellation_fee
can you help me to see the early termination charges?,check_cancellation_fee
I don't know how I can report an error with payment,payment_issue
where can I check if there is anything enw on the refund?,track_refund
seeing termination charge,check_cancellation_fee
can ya help me to notify of an trouble with online payments,payment_issue
"I want to talk with customer support, how can I do it?",contact_customer_service
can I see the current status of the compensation?,track_refund
is it possible to place a order from {{Delivery Country}}?,delivery_options
i dont know how to track my refund,track_refund
"I want to see the damn status of my reimbursement, help me",track_refund
is it possibleto place an order from {{Delivery City}},delivery_options
how can i talk to customer assitance,contact_customer_service
i need assistance informing of an issue with online payments,payment_issue
do uship to {{Delivery City}},delivery_options
I need help calling customer assistance,contact_customer_service
want help talking to customer service,contact_customer_service
trouble modifying delivery address,change_shipping_address
I want ehlp to solve troubles with online payment,payment_issue
tgell me more about a shipping address update,change_shipping_address
i do not know how to cancel purchasw {{Order Number}},cancel_order
I need to check at what time I can reach custome assistance,contact_customer_service
have a question about canceling order {{Order Number}},cancel_order
i need help with canceling purchase {{Order Number}},cancel_order
help to check what hours I can reach customer support,contact_customer_service
"the damn address changed, I would like to edit it",change_shipping_address
need assistance talking to customer service,contact_customer_service
wanna check under which circumstances can i ask for a refund,check_refund_policy
how could I see what hours I can call customer assistance?,contact_customer_service
I want help to check in which cases can I ask for a refund,check_refund_policy
uhave a free number to speak to customer service,contact_customer_service
can you help me checking the early exit fee?,check_cancellation_fee
i try to cancel order {{Order Number}},cancel_order
the shipping address has changed how can i modify it,change_shipping_address
I need help with canceling order {{Order Number}},cancel_order
what do i need to do to correct my shippign address,change_shipping_address
can I ordrr from {{Delivery City}}?,delivery_options
want assistance checking the cancellation fees,check_cancellation_fee
can you help me editing my address?,change_shipping_address
I would like to see the status of my compensation,track_refund
want assistance to track the restitution,track_refund
I would like to cancel purchase {{Order Number}},cancel_order
"I wouls like to see your money back guarantee, help me",check_refund_policy
is it possible to place an order from {{Delivery Country}}?,delivery_options
I need to see in what situations can I ask to be reimbursed,check_refund_policy
"I bought some items, I need help to cancel purchase {{Order Number}}",cancel_order
help checking the withdrawal penalties,check_cancellation_fee
is it possible to ordet from {{Delivery Country}},delivery_options
help me see ur money back guarantee,check_refund_policy
i want help canceling purchase {{Order Number}},cancel_order
there are troubles modifying the shipping address,change_shipping_address
where do I see at what time I can contact customer support?,contact_customer_service
I'm trying to report a problem with online payment,payment_issue
can I see at what time I can call customer service ?,contact_customer_service
how do I cancel purchae {{Order Number}}?,cancel_order
where to see the status of my rebate,track_refund
I need help to report a payment problem,payment_issue
question about canceling purchase {{Order Number}},cancel_order
I need help to check in which cases can I ask for refunds,check_refund_policy
I am trying to report errors with payments,payment_issue
"I want to speak to customer service, can you help me?",contact_customer_service
I am waiting for an rebate of {{Currency Symbol}}{{Refund Amount}},track_refund
i dont know how to inform of a payment problem,payment_issue
I need assistance checking your reimbursement policy,check_refund_policy
how to check the current status of the reimbursement?,track_refund
I want help seeing if there is anything wrong with my refund,track_refund
how can I notify of problems with online payments?,payment_issue
where can I see at what time I can contact customer support?,contact_customer_service
i expect a rebate of {{Currency Symbol}}{{Refund Amount}} has it been processd already,track_refund
want help reporting an error with online payments,payment_issue
want help informing of payment problems,payment_issue
contact customer service,contact_customer_service
I want to check at what time I can contact customer support,contact_customer_service
help me informing of an issue with payments,payment_issue
help me to check ur money back guarantee,check_refund_policy
can you help me see what shipment methods you offer?,delivery_options
"I want to see the withdrawal fee, can I get some help?",check_cancellation_fee
how to see the methods for delivery,delivery_options
cancelling order {{Order Number}},cancel_order
I don't know how I can check the termination penalty,check_cancellation_fee
I need help to cancel purchase {{Order Number}},cancel_order
I need assistance to see the delivery methods,delivery_options
i dont know how i can inform of payment issues,payment_issue
I want help to see the termination penalty,check_cancellation_fee
problems with a delivery address correction,change_shipping_address
I am trying to see what hours I can reach customer service,contact_customer_service
i bought some damn item help to cancep order {{Order Number}},cancel_order
report payment issues,payment_issue
"the  address changed, modify it",change_shipping_address
can uhelp me to contact customer service,contact_customer_service
reporting payment issues,payment_issue
"I can't pay, help to inform of issues with payment",payment_issue
I am waiting for a reimbursement of {{Refund Amount}} dollras,track_refund
want assistance to see how long refunds usually take,check_refund_policy
can ushow me hte cancellation fees,check_cancellation_fee
"I have got to see your money back policy, help me",check_refund_policy
how can I modify the address?,change_shipping_address
i want help checking in what cases can i ask for a refund,check_refund_policy
"I need to see the methods for shipping, can I get some help?",delivery_options
deliverids to {{Delivery Country}},delivery_options
i have to check in which cases can i ask for a refund,check_refund_policy
want help reporting a trouble with online payment,payment_issue
can you tell me more about changing my address?,change_shipping_address
how to see the cancellation penalty,check_cancellation_fee
there is anything new on my rebate,track_refund
i cannot find the withdrawal prnalties,check_cancellation_fee
i expect a reimbursement of {{Refund Amount}} dollars,track_refund
need to check in what cases can i ask for an refund help me,check_refund_policy
I need to check how long reimbursements usually take,check_refund_policy
I am waiting for a compensation of {{Currency Symbol}}{{Refund Amount}},track_refund
can I see the termination charges?,check_cancellation_fee
want assistance modifying my address,change_shipping_address
I do not know how to see the early termination penalty,check_cancellation_fee
i cannot make a  payment where do i report an error,payment_issue
need assistance to check the delivery methods,delivery_options
I try to see what shipment options are available,delivery_options
how to notify of problems with payment?,payment_issue
what do I have to do to talk to customer service?,contact_customer_service
help to speak to customer assistance,contact_customer_service
I need assistance talking to customer service,contact_customer_service
I don't kow how to see the withdrawal penalty,check_cancellation_fee
i have got to report issues with online payment,payment_issue
i want help to see what methods for delivery are there,delivery_options
I'm waiting for an rebate of {{Refund Amount}} dollars,track_refund
I'm looking for the options for delivery can i get some help,delivery_options
want assistance trying to change the shipping address,change_shipping_address
can you help me cancelling oredr {{Order Number}}?,cancel_order
help correcting the address,change_shipping_address
is it possible to check the withdrawal penalty?,check_cancellation_fee
do you have a toll-free number to reach customer support?,contact_customer_service
help informing of an error with payments,payment_issue
"I can't make a transfer, can I notify of payment errors?",payment_issue
I want to speak to customer assistance,contact_customer_service
I need assistance seeing the restitution status,track_refund
i want help canceling order {{Order Number}},cancel_order
i dont know how i can cancel purchase {{Order Number}},cancel_order
help to see if there are any news on my rebate,track_refund
can i place an oeder from {{Delivery City}},delivery_options
check in which situations can i request reimbursements,check_refund_policy
assistance changing the delivery address,change_shipping_address
how can I check the refund current status?,track_refund
i have to check how long reimbursements take i need help,check_refund_policy
how to cancel purchase {{Order Number}}?,cancel_order
cancel order {{Order Number}},cancel_order
I'm waiting for a reimbursement of {{Currency Symbol}}{{Refund Amount}},track_refund
I can't update my address,change_shipping_address
is it possible to ordet from {{Delivery Country}},delivery_options
"I need to check in what cases can I request refunds, help me",check_refund_policy
I am waiting for a rebate of {{Refund Amount}} dollars,track_refund
help to modiy the address,change_shipping_address
I need help to check what shipping methods are available,delivery_options
"I want to see the withdrawal penalties, I need assistance",check_cancellation_fee
i need help to see the cancellation charges,check_cancellation_fee
help to check in what cases can I request to be refunded,check_refund_policy
there are problems trying to edit my address,change_shipping_address
I expect an reimbursement of {{Currency Symbol}}{{Refund Amount}},track_refund
show early exit penalty,check_cancellation_fee
help me see in wht cases can I request reimbursements,check_refund_policy
I want help to call customer assistance,contact_customer_service
I want to check the withdeawal charges,check_cancellation_fee
want help seeing in which cases can i request a refund,check_refund_policy
I expect a rebate of {{Refund Amount}} dollars,track_refund
is it possible to place an order from {{Delivery City}},delivery_options
i want help trying  to correct my delivery address,change_shipping_address
"I need to contact customer service, hoow can I do it?",contact_customer_service
I do not know how to cancel purchase {{Order Number}},cancel_order
i have to inform of a payment issue,payment_issue
I do not know what I need to do to check the withdrawal fees,check_cancellation_fee
I would like to check the early termination fees,check_cancellation_fee
can uhelp me seeing the termination fee,check_cancellation_fee
"I do not want this article, cancel order {{Order Number}}",cancel_order
I have got to check what goddamn delivery methods I have,delivery_options
can you help me to cancel order {{Order Number}} ?,cancel_order
I try to see in what cases can I ask to be reimbursed,check_refund_policy
tell me more about a delivery address change,change_shipping_address
can you help me to see the early exit fees?,check_cancellation_fee
help me to check in what cases can i request a refund,check_refund_policy
where do I check the termination fees?,check_cancellation_fee
I need help to see the termination fees,check_cancellation_fee
I am waiting for a reimburswment of {{Currency Symbol}}{{Refund Amount}},track_refund
I want to check in which cases can I request my money back,check_refund_policy
see early exit penalties,check_cancellation_fee
d uship to {{Delivery City}},delivery_options
"I have to call customer service, could you help me?",contact_customer_service
"I have to see the bloody status of the refund, how to do it?",track_refund
can you show me what methods for delivery I have?,delivery_options
could ya help me to solve an issue with payments,payment_issue
what is your customer support mail?,contact_customer_service
I want to check the early exit fee,check_cancellation_fee
could you help me solve an error with online payment?,payment_issue
cfan i check the cancellation fees,check_cancellation_fee
where do I correct my address?,change_shipping_address
shipmetns to {{Delivery City}},delivery_options
"I can no longer afford order {{Order Number}}, help me cancel it",cancel_order
I do not know how I can see the current status of my refund,track_refund
I want assistance trying to change my shipping address,change_shipping_address
i want help to cancel purchase {{Order Number}},cancel_order
do uship to {{Delivery City}},delivery_options
can I check at what time I can call custoer assistance?,contact_customer_service
I don't know how I could cancel purchase {{Order Number}},cancel_order
"I need to see how long reimbursements take, how to do it?",check_refund_policy
assistance to see at what time I can call customr service,contact_customer_service
help to see if there is anything wrong with my restitution,track_refund
how to check at what time I can call customer service?,contact_customer_service
where do I know if there is anything wrong with the refund?,track_refund
"I need to see my rebate current status, will you help me?",track_refund
I have to see in which cases can I request to be refunded,check_refund_policy
i need supports updaing the damn address,change_shipping_address
i have to see in what cases can i ask for reimbursements,check_refund_policy
I need to see if there are any updates on my rebate,track_refund
what do I need to do to change the address?,change_shipping_address
i have troubles editing my delivery address,change_shipping_address
I want to report a problem with payment,payment_issue
can you help me cancel purchase {{Order Number}}?,cancel_order
i want assistance canceling purchase {{Order Number}},cancel_order
what do I need to do to cancel purchase {{Order Number}}?,cancel_order
i need help to see at what time i can call  customer support,contact_customer_service
i need help to notify of issues with online payments,payment_issue
I have to see the options for shipping,delivery_options
"I want to see my refund current status, help me",track_refund
see under which circumstances can I ask for a refund,check_refund_policy
help me see what hhours I can call customer assistance,contact_customer_service
need to contact customer service how do i do it,contact_customer_service
I need help seeing if there are any news on the compensation,track_refund
I need to see in what cases can I ask to be reimbursed,check_refund_policy
can you tell me more about the methods for delivery?,delivery_options
"I want to speak with customer service, helpme",contact_customer_service
reporting trouble with online payment,payment_issue
i do not know how to see the withdrawal penalties,check_cancellation_fee
I want help to report issues with online payment,payment_issue
wanna know more about correcting the address,change_shipping_address
"I need to check the methods for shipping, how do I do it?",delivery_options
"I need to see how long reimbursements take, how do I do it?",check_refund_policy
i need help to see the early termination penalty,check_cancellation_fee
i dont know how to cncel purchase {{Order Number}},cancel_order
"I would like to call customer service, how to do it?",contact_customer_service
shipmetns to {{Delivery City}},delivery_options
I do not know how to check what delivery methods are there,delivery_options
I need help to see if there are any updates on my rebate,track_refund
"I have got to check what shipment methods I have, help me",delivery_options
help me see at what time customer service available is,contact_customer_service
assistance checking the early termination fees,check_cancellation_fee
i cant see if there is anything wrong with my reimbursement,track_refund
i need help to report a payment error,payment_issue
"I am looking for the delivery methods, how can I find them?",delivery_options
termination fees,check_cancellation_fee
I can no longer afford order {{Order Number}},cancel_order
is it possible to order from {{Delivery City}},delivery_options
i expect an reimbursement of {{Refund Amount}} dollars,track_refund
I have an error trying to modify my address,change_shipping_address
assistance correcting my delivery address,change_shipping_address
do you have a number to get in touch with customer support?,contact_customer_service
I want support modifying the shipping address,change_shipping_address
what is ur customer support mail,contact_customer_service
can i check at what time customer service available is,contact_customer_service
support correcting my delivery address,change_shipping_address
i want help correcting  the address,change_shipping_address
what are the fees for canceling the contract?,check_cancellation_fee
i expect a compensqtion of {{Refund Amount}} dollars,track_refund
I am waiting for a refund of {{Refund Amount}} dollars,track_refund
can you help me updating my shipping address?,change_shipping_address
show me in what casescan i request my money back,check_refund_policy
can you tell me more about correcting my delivery address?,change_shipping_address
i cant pay help informing of issues with payment,payment_issue
i cant pay i have to notify of problems with online payment,payment_issue
help me to see the termination chrages,check_cancellation_fee
help me to see how long reimbursements take,check_refund_policy
I don't know what I need to do to edit my shipping address,change_shipping_address
ya have a free of charge number to talk to customer service,contact_customer_service
I need to see in what cases can I request to be refunded,check_refund_policy
assistance to check what delivery options are there,delivery_options
what do i need to do to check the cancellation charges,check_cancellation_fee
I have to cancel purchase {{Order Number}},cancel_order
i have an error trying to correct my address,change_shipping_address
I don't know how to speak to customer assistance,contact_customer_service
"I have got to see your money back policy, how can I do it?",check_refund_policy
I want assistance solving errors with payments,payment_issue
how do I see the current status of the refund?,track_refund
I have to see in which cases can I request my money back,check_refund_policy
I need helpto cancel order {{Order Number}},cancel_order
where do i inform of a trouble with payments,payment_issue
i need help to cancel purchase {{Order Number}},cancel_order
"I cannot afford this article, cancel order {{Order Number}}",cancel_order
can ya help me checking the withrawal fee,check_cancellation_fee
there are issues modifying my address,change_shipping_address
i have an issue modifying the shipping address,change_shipping_address
help to check what shipping options i have,delivery_options
I don't know how to check the early termination penalty,check_cancellation_fee
i need assistance checking my rebate status,track_refund
how could I inform of issues with payment?,payment_issue
I want help to talk with customer support,contact_customer_service
is it possible to inform of an issue with online payments?,payment_issue
I can't change my delivery address,change_shipping_address
i dont know whatto do to modify my address,change_shipping_address
i cannot see if there are any news on my rebate,track_refund
cancel purchase732201349959,cancel_order
I want help tocall customer assistance,contact_customer_service
i need information about correcting my shipping address,change_shipping_address
i want support trying to change my delivery address,change_shipping_address
I do not know what I need to do to see my rebate status,track_refund
will you give me information about correcting the address?,change_shipping_address
I have troubles trying to updste my delivery address,change_shipping_address
i want assistance to see the earlly termination fee,check_cancellation_fee
show me in which situations can I ask to be reimbursed,check_refund_policy
"I cam't make a transfer, can I report payment errors?",payment_issue
can i place an order from {{Delivery City}},delivery_options
help me see in what cases can I ask for my money back,check_refund_policy
where do i see the withdrawal penalty,check_cancellation_fee
i have a tyrouble modifying my address,change_shipping_address
i expect a compensation of {{Refund Amount}} dollars,track_refund
want help to see the withdrawal charges,check_cancellation_fee
checking termination charge,check_cancellation_fee
i hae to talk to customer support i need help,contact_customer_service
inform of error with online payments,payment_issue
there is a problem updating my shipping address,change_shipping_address
can you help me to check what shipment options you offer?,delivery_options
I want help to get in touch with goddamn customer assistance,contact_customer_service
I need help with canceling order {{Order Number}},cancel_order
what do I have to do to see the delivery options?,delivery_options
help me getting in touch with customer assistance,contact_customer_service
I do not know how I can edit the delivery address,change_shipping_address
"I can't make a  payment, how do I notify of fucking errors?",payment_issue
need to check under what circumstances can i request refunds,check_refund_policy
I need supports trying to modify the address,change_shipping_address
could you help me check hte cancellation penalties?,check_cancellation_fee
"I purchased some items, help me cancel order {{Order Number}}",cancel_order
help seeing what damn methods for delivery you offer,delivery_options
i need help seeing the status of my compensation,track_refund
i need help informing of a trouble with payment,payment_issue
I need assistance cancelling purchase {{Order Number}},cancel_order
ihave bought some damn product cancel order {{Order Number}},cancel_order
i want help to check the shipping methods,delivery_options
can ya  help me notify of a trouble with online payments,payment_issue
want help to see the shipping options,delivery_options
"I entered a wrong shipping address, I need help to modify it",change_shipping_address
can I place an order from {{Delivery Country}}?,delivery_options
I need to see in which situations can I ask for a refund,check_refund_policy
could i order from {{Delivery Country}},delivery_options
want help to inform of issues with online payments,payment_issue
how do I check at what time I can contact customer support?,contact_customer_service
I have issues updating the address,change_shipping_address
assistance cancelling purchase {{Order Number}},cancel_order
I need assistance reporting issues with online payments,payment_issue
I need help to cancel purchase {{Order Number}},cancel_order
I need help to check how long reimburssements take,check_refund_policy
I need help seeing what hours I can call customer service,contact_customer_service
"I have to see the early exit penalty, could you help me?",check_cancellation_fee
I do not know how I can see the termination fee,check_cancellation_fee
I'm trying to cancel purchase {{Order Number}},cancel_order
I want help to check the methods for delivery,delivery_options
i have to see in what cases acn i request my money back,check_refund_policy
shipments to {{Delivery City}},delivery_options
help calling customer support,contact_customer_service
help to talk to customer service,contact_customer_service
help cancelling purchase {{Order Number}},cancel_order
problem with canceling purchase {{Order Number}},cancel_order
do you deliver to {{Delivery City}}?,delivery_options
I'm rtying to cancel order {{Order Number}},cancel_order
I have to inform of an error with online payment,payment_issue
help to check the damn current status of the restitution,track_refund
how to see the shipment options,delivery_options
i have to report a problem with online payments,payment_issue
what do i have to do to report a bloody issue with payments,payment_issue
I do not know what to do to see the cancellation charges,check_cancellation_fee
I  want help checking the early exit penalties,check_cancellation_fee
where can I check the bloody cancellation penalties?,check_cancellation_fee
cfan you help me speak to customer service?,contact_customer_service
I want help to see the cancellation charges,check_cancellation_fee
see in what situations can I request refunds,check_refund_policy
assistance informing of an error with onlinepayment,payment_issue
I don't know what I need to do to notify of a payment issue,payment_issue
I have got to see what delivery methods you offer,delivery_options
I don't know how to talk to customer service,contact_customer_service
I want assistance checking the early termination fees,check_cancellation_fee
assistance seeing at what time I can call customer support,contact_customer_service
in what situations can I ask for reimbursements?,check_refund_policy
need assistance to see the withdrawal fee,check_cancellation_fee
where can i inform of a paymen error,payment_issue
want helpp checking the termination penalties,check_cancellation_fee
I want to speak with customer esrvice,contact_customer_service
can you help me canceling purchase {{Order Number}}?,cancel_order
I'm waiting for a  compensation of {{Currency Symbol}}{{Refund Amount}},track_refund
help to check in what situations can I request a refund,check_refund_policy
can i place a damn order from {{Delivery Country}},delivery_options
"I have got to see the current status of my refund, help me",track_refund
assistance to cancel order {{Order Number}},cancel_order
I'm trying to check how long reimbursements take,check_refund_policy
I need assistance checking the status of the restitution,track_refund
i want help to cancel purchase {{Order Number}},cancel_order
I do not know how I can see what options for delivery I have,delivery_options
help seeing in what situations can I request to be refunded,check_refund_policy
check the goddamn early exit charges,check_cancellation_fee
can ushow me the early exit charge,check_cancellation_fee
can i place an order frim {{Delivery Country}},delivery_options
I cannotcheck your money back policy,check_refund_policy
I do not know how I can correct my shgipping address,change_shipping_address
do you have a mail to get in touch with cusomer assistance?,contact_customer_service
notifyu of payment issues,payment_issue
I want supports correcting my shipping address,change_shipping_address
can I check if there are any news on my reimbursement?,track_refund
i need help to change the delivery address,change_shipping_address
I want help to check the early termination charge,check_cancellation_fee
inform of payment problems,payment_issue
is it possible to place na order from {{Delivery Country}},delivery_options
can uhelp me seeing in which cases can i sak for a refund,check_refund_policy
I do not know how I can check the cancellation charges,check_cancellation_fee
can I see in what cases can I request an reimbursement?,check_refund_policy
help me solving troubles with payments,payment_issue
I want assistance to check the termination peenalty,check_cancellation_fee
i dont know how i can see the options for shipping,delivery_options
assistance to check ur refund pollicy,check_refund_policy
I need assistance to talk with damn customer service,contact_customer_service
"I purchased some articles, cancel order {{Order Number}}",cancel_order
i try to talk with customer assistance,contact_customer_service
"I have to edit the address, I need assistance",change_shipping_address
want help tyo modify my shipping address,change_shipping_address
where do i see the termination penalties,check_cancellation_fee
help me check in what cases can I ask to be refunded,check_refund_policy
I'm waiting for a ocmpensation of {{Refund Amount}} dollars,track_refund
I have to see at what time I can reach customer assistance,contact_customer_service
I am waiting for a restitution of {{Refund Amount}} dollars,track_refund
i do not know how to edit my delivery address,change_shipping_address
i do not know what to do to check the shipping options,delivery_options
I have to check in what cases can I request reimbursements,check_refund_policy
assistance to check the termination fee,check_cancellation_fee
help checking in which cases can I request reimbursements,check_refund_policy
I want assistance canceling order {{Order Number}},cancel_order
i bought something i wanna cancel order {{Order Number}},cancel_order
what do I have to do to see the early exit fee?,check_cancellation_fee
I expect a restitution of {{Currency Symbol}}{{Refund Amount}},track_refund
I have a problem with the shipment options,delivery_options
help seeing at what time I can reach customer service,contact_customer_service
I want help cancelling order {{Order Number}},cancel_order
I need help with cancelling purhase {{Order Number}},cancel_order
find information about modifying the shipping address,change_shipping_address
i cant check ur moeny back guarantee,check_refund_policy
find information abou changing the address,change_shipping_address
need assistance to cancel order {{Order Number}},cancel_order
i dont khow how to cancel order {{Order Number}},cancel_order
where can I see what methods for delivery are available?,delivery_options
help me see in what cases can i request to be  reimbursed,check_refund_policy
"I cannot find the termination penalties, I need assistance",check_cancellation_fee
I would like to see the termination fee,check_cancellation_fee
what time can I get in touch with customer assistance?,contact_customer_service
I need assistance to report troubles with online payment,payment_issue
want assistance seeing the delivery options,delivery_options
would it be possible to check what shipping options I have?,delivery_options
help me see in what cases can I request a refund,check_refund_policy
i need help to notify of an issue with payment,payment_issue
can uhelp me report problems with payments,payment_issue
I do not know what I need to do to track the restitution,track_refund
where do I see what hours I can call customer service?,contact_customer_service
want help to know if there are any updates on my restitution,track_refund
I can't find the damn cancellation penalty,check_cancellation_fee
want help canceling purchase {{Order Number}},cancel_order
how can i find information about correcting the address,change_shipping_address
i expect a compensqtion of {{Refund Amount}} dollars,track_refund
is it possible toorder from {{Delivery City}},delivery_options
I try to talk to customer support,contact_customer_service
check cancellation fees,check_cancellation_fee
I want assistance to see what shipping options are available,delivery_options
how could I check if there are any news on the refund?,track_refund
"I need to check the shipping methods, can I get some help?",delivery_options
need to see in what situations can i ask for a reimbursement,check_refund_policy
information about a delivery address modification,change_shipping_address
I want assistance to check the early exit penalty,check_cancellation_fee
assistance checking in what cases can I request a refund,check_refund_policy
"I entered a wrong delivery address, help me editing it",change_shipping_address
i do not know how i can cancel order {{Order Number}},cancel_order
how do I check the options for shipment?,delivery_options
i have a trouble updating my addrses,change_shipping_address
I'm trying to inform of an issue with payments,payment_issue
i want assistance to chexk the early exit penalties,check_cancellation_fee
do you ship to {{Delivery City}}?,delivery_options
I need assistance canceling order {{Order Number}},cancel_order
i dont know what to do to talk to customer support,contact_customer_service
what do I need to do to see the compensation current status?,track_refund
I need assistance to correct my delivery address,change_shipping_address
i have got to track my refund,track_refund
I try to check in which situations can I request refunds,check_refund_policy
I need help cancelnig purchase {{Order Number}},cancel_order
I want help to cancel purchase {{Order Number}},cancel_order
give me information about the shipping methods,delivery_options
i want help trying to change the address,change_shipping_address
assistancesolving a trouble with payment,payment_issue
where to cancel purchase {{Order Number}},cancel_order
help knowing if there is anything wrong with the restitution,track_refund
how to inform of a damn problem with online payments?,payment_issue
I don't know what to do to see the cancellation fee,check_cancellation_fee
i have to see ur refund policy will ya herlp me,check_refund_policy
need assistance to check in what cases can i request refunds,check_refund_policy
is it possible to place an order from {{Delivery City}}?,delivery_options
canceling purchase {{Order Number}},cancel_order
I want assistance updating my delivery address,change_shipping_address
I'm waiting for a rebate of {{Refund Amount}} dollars,track_refund
"I have entered a wrong address by mistake, how do I edit it?",change_shipping_address
help to see in what cases can I request  to be refunded,check_refund_policy
help checking in which situations can I ask to be reimbursed,check_refund_policy
i try to see how long reimbursements take,check_refund_policy
show me in which cases can I request to be reimbursed,check_refund_policy
want assistance to cancel order {{Order Number}},cancel_order
help me check what delivery options you offer,delivery_options
assistance modifying the address,change_shipping_address
is it plssible to order from {{Delivery Country}}?,delivery_options
camceling order {{Order Number}},cancel_order
i want help to check in what cases can i ask for a reufnd,check_refund_policy
where can i see the termniation penalty,check_cancellation_fee
"I can't pay, where do I report errors with payment?",payment_issue
i haqve to see at what time i can contact customer service,contact_customer_service
I want assistance to see the early exit penalty,check_cancellation_fee
I can no longer afford purchase {{Order Number}},cancel_order
how can i inform of problems with online payment,payment_issue
help me know if there are any news on my compensation,track_refund
I don't know what I need to do to see the termination fees,check_cancellation_fee
I want to report an error with payment,payment_issue
wanna check in which cases can i ask for refunds,check_refund_policy
see in what situations can I ask for refunds,check_refund_policy
under which circumstances can I request refunds?,check_refund_policy
shipnents to {{Delivery Country}},delivery_options
can ushow me in which situations can i ask for refunds,check_refund_policy
notifying of payment problem,payment_issue
can I edit my delivery address?,change_shipping_address
I don't know how I can see your refund policy,check_refund_policy
can ushow me ur refund policy,check_refund_policy
wanna see how long refunds take help me,check_refund_policy
I no longer want order {{Order Number}},cancel_order
can you help me check the status of my compensation?,track_refund
I am waiting for a reimbursement of {{Refund Amount}} dollars,track_refund
i do not know how i can see the reimbursement current status,track_refund
"I can't pay, assistance notifying of an issue with payment",payment_issue
i need support trying to correct the shipping address,change_shipping_address
i want help to see what hours i can call custmer service,contact_customer_service
could I see in what situations can I ask for reimbursements?,check_refund_policy
I am waiting for a reimbursement of {{Currency Symbol}}{{Refund Amount}},track_refund
"I have got to see your refund policy, how could I do it?",check_refund_policy
I want help to report an error with payments,payment_issue
problem with cancelling order {{Order Number}},cancel_order
I want help seeing in which situations can I request refunds,check_refund_policy
help checking what hours customer support available is,contact_customer_service
I want help reporting payment problems,payment_issue
I need help notifying of a trouble with online payments,payment_issue
I am waiting for a compensation of  {{Currency Symbol}}{{Refund Amount}},track_refund
can uhelp me check the compensation current status,track_refund
help me to call customer support,contact_customer_service
i expect a rebate of {{Refund Amount}} dollars,track_refund
check in what cases can I request to be reimbursed,check_refund_policy
I'd like to see how long refunds  take help me,check_refund_policy
I need to check the cancellation charge,check_cancellation_fee
help solving a goddamn error with online payments,payment_issue
need help to cancel purchase {{Order Number}},cancel_order
help me check your money bck guarantee,check_refund_policy
is it plssible to order from {{Delivery Country}}?,delivery_options
can you help me seeing the termination fees?,check_cancellation_fee
I don't know how I can report problems with payment,payment_issue
i want help to see the rebate status,track_refund
can you help me canceling order {{Order Number}}?,cancel_order
how do I report a problem with payments?,payment_issue
i need help with canceling orer {{Order Number}},cancel_order
could you help me check your money back guarantee?,check_refund_policy
I don't know what to do to check the termination fee,check_cancellation_fee
can you help me to report a trouble with payments?,payment_issue
is it possible to place an order from {{Delivery Country}},delivery_options
i haev issues correcting my address,change_shipping_address
"my card did not work, I want to report issues with payments",payment_issue
i want help speaking to customer support,contact_customer_service
"I want to see the cancellation penalty, help me",check_cancellation_fee
hsipping to {{Delivery Country}},delivery_options
"I have to see your money back policy, I need help",check_refund_policy
Iexpect a restitution of {{Refund Amount}} dollars,track_refund
help me check the cancellation charge,check_cancellation_fee
"I want to see your money back guarantee, can you help me?",check_refund_policy
I want help notifying of troubles with online paymnet,payment_issue
I do not know what to do to cancel purchase {{Order Number}},cancel_order
give me information about the options for shipping,delivery_options
cancelling order {{Order Number}},cancel_order
I try to check in what casescan I request a reimbursement,check_refund_policy
I need help seeing in what cases can I ask to be reimbursed,check_refund_policy
I don't know how I can cancel purchase {{Order Number}},cancel_order
I need to see how long reimbursements take,check_refund_policy
change shipping address,change_shipping_address
"I want to speak with damn customer support, help me",contact_customer_service
i want assistance talking to customer service,contact_customer_service
can you help me correct my goddamn shipping address?,change_shipping_address
see what hours i can reach customer service,contact_customer_service
how do I speak with customer service?,contact_customer_service
I don't know how I can see your money back guarantee,check_refund_policy
I'm waiting for an rebate of {{Refund Amount}} dollars,track_refund
"I have to see in what cases can I request refunds, help me",check_refund_policy
i want assistance cancelling order {{Order Number}},cancel_order
i have a problem with cancelling order {{Order Number}},cancel_order
do you shp to {{Delivery City}}?,delivery_options
give me information about modifying the address,change_shipping_address
I need help to cancel purchase {{Order Number}},cancel_order
help me seeing in what cases can I request a reimbursement,check_refund_policy
I want to check in which situations can I ask to be refunded,check_refund_policy
want assistance to change my delivery address,change_shipping_address
are there any cancellation charges?,check_cancellation_fee
I am trying to talk with customer support,contact_customer_service
assistance with canceling order {{Order Number}},cancel_order
can I see the shipping options?,delivery_options
i need assistance solving errors with payment,payment_issue
help to see the early termination penalties,check_cancellation_fee
where do i see the early termination fees,check_cancellation_fee
want assistance notifying of errors with payments,payment_issue
check under what circumstances can i request a reimbursement,check_refund_policy
help me speaking with damn customer service,contact_customer_service
i want help notifying of a problem with online payments,payment_issue
I expect a restitution of {{Currency Symbol}}{{Refund Amount}},track_refund
I need assistance seeing the damn early exit charges,check_cancellation_fee
i want help to cancel order {{Order Number}},cancel_order
could i place an orde from {{Delivery Country}},delivery_options
"I have to contact customer assistance, how can I do it?",contact_customer_service
i have got to check the terminatiln penalties how to do it,check_cancellation_fee
can I check in what cases can I request a reimbursement?,check_refund_policy
i expect a damn restitution of {{Refund Amount}} dollars was it processed,track_refund
want asistance canceling order {{Order Number}},cancel_order
I don't know how I can chek the early exit charge,check_cancellation_fee
where can I report a problem with online payments?,payment_issue
I don't know how I can check the withdrawal fees,check_cancellation_fee
I have got to report payment problems,payment_issue
help me seeing what hours I can call customer service,contact_customer_service
how to cancel the purchase i made,cancel_order
"I have got to see how long refunds usually take, I need help",check_refund_policy
i do not know how to cancel purchase {{Order Number}},cancel_order
question about canceling purchase {{Order Number}},cancel_order
how to report a problem with payment,payment_issue
i want assistance to cancel order {{Order Number}},cancel_order
can uhelpme informing of a problem with payments,payment_issue
support updating my address,change_shipping_address
I'm waiting for a  compensation of {{Currency Symbol}}{{Refund Amount}},track_refund
can you help me notifying of an issue with payment?,payment_issue
how do i cancel order {{Order Number}},cancel_order
can i place an order from {{Delivery Country}},delivery_options
errors editing shipping address,change_shipping_address
deliverids to {{Delivery Country}},delivery_options
"I need to see in which cases can I request refunds, help me",check_refund_policy
I do not know how to contact cutomer support,contact_customer_service
I am calling to see what delivery methods you offer,delivery_options
can you give me information about editibg the address?,change_shipping_address
I canno longer afford purchase {{Order Number}},cancel_order
I am waiting for a compensation of {{Currency Symbol}}{{Refund Amount}},track_refund
I don't know how I could see the early termination penalties,check_cancellation_fee
I want help to check if there is anything new on my rebate,track_refund
where can I iinform of errors with online payment?,payment_issue
I am trying to check your bloody reimbursement policy,check_refund_policy
can ya help me seeing if there is anything new on the refund,track_refund
I have  got to see the termination charges,check_cancellation_fee
I need help checking the options for shipping,delivery_options
help me to check how long reimbursements usually take,check_refund_policy
can you help me to inform of problems with payment?,payment_issue
help to see what shipping options you offer,delivery_options
where to correct my delivery address,change_shipping_address
any news on my bloody reimbursement,track_refund
I want support trying to modify the address,change_shipping_address
I would like to see in which cases can I ask to be refunded,check_refund_policy
I need help cancelling oredr {{Order Number}},cancel_order
need assistance to see in what cases can i ask for refunds,check_refund_policy
I have to report troubles with payment,payment_issue
do you deliver to {{Delivery City}} ?,delivery_options
how to inform of payment errors?,payment_issue
help me seeing in which situations can I request a refund,check_refund_policy
i want help seeing the early exit penalties,check_cancellation_fee
I need help seeing the termination fees,check_cancellation_fee
is it possible to order from {{Delivery City}} ?,delivery_options
I want assistance to inform of problems with payment,payment_issue
where can I cancel purchase {{Order Number}}?,cancel_order
i have got to check what shipment methods uoffer help me,delivery_options
is it possible to see the cancellation fees?,check_cancellation_fee
I need assistance to omdify my address,change_shipping_address
I want to know more about correcting the delivery address,change_shipping_address
hw to report troubles with payment?,payment_issue
wanna inform of errors with online payment can uhelp me,payment_issue
help me seeing what goddamn shipping methods are there,delivery_options
"I have to report an issue with online payments, help me",payment_issue
i have got to see ur refund poliicy,check_refund_policy
i do not know how to see the cancellation penalty,check_cancellation_fee
can I check the damn delivery methods?,delivery_options
I do not know how to see the withdrawal charges,check_cancellation_fee
can i check in which cases can i request reimbursements,check_refund_policy
help me check what shipping methods are available,delivery_options
help me checking what hours I can call customer support,contact_customer_service
where can I inform of problems with payment?,payment_issue
help to see if there is anything wrong with the refund,track_refund
i try to see in what cases can i ask for a refund,check_refund_policy
check under what circumstances can i request refunds,check_refund_policy
I need assistance cancelling order {{Order Number}},cancel_order
i dont know how i can notify of a trouble with payments,payment_issue
what do I have to do to cancel purchase {{Order Number}}?,cancel_order
I'd like to see ur money back guarantee how to do it,check_refund_policy
contactcustomer service,contact_customer_service
what is your customer service phone number?,contact_customer_service
is it possibleto place an order from {{Delivery City}},delivery_options
I need assistance solving a trouble with payment,payment_issue
help with canceling purchase {{Order Number}},cancel_order
need help seeing my rebate status,track_refund
I do not know what to do to see the shipment methods,delivery_options
assistance to solve issues with online payment,payment_issue
help to check what hours I can call customer service,contact_customer_service
i need help sollving a trouble with payments,payment_issue
I want assistance trying to correct the address,change_shipping_address
"I want to see the options for shipment, help me",delivery_options
i need help seeing the cancellation charge,check_cancellation_fee
where do I report an issue with payments ?,payment_issue
I am trying to see in what situations can I ask for a refund,check_refund_policy
where do I see if there are any updates on the refund?,track_refund
I expect an restitution of {{Currency Symbol}}{{Refund Amount}},track_refund
check in which situations can i ask for a reimbursement,check_refund_policy
i do not know how to inform of a trouble withpayments,payment_issue
tell me more abou editing my address,change_shipping_address
i do not know how i can cancel order {{Order Number}},cancel_order
is it possible to place an order from {{Delivery Country}},delivery_options
I want assistance to check how long refunds usually take,check_refund_policy
how to contact customer assistance?,contact_customer_service
I do not know what to do to report an error with payments,payment_issue
could I check in what cases can I ask to be reimbursed?,check_refund_policy
help to edit the delivery address,change_shipping_address
where can I get information about modifying the address?,change_shipping_address
what is your customer assistance number?,contact_customer_service
I try to modify my shipping address,change_shipping_address
canmcel order {{Order Number}},cancel_order
I have a trouble correcting the address,change_shipping_address
I need assistance canceling purchase {{Order Number}},cancel_order
help me to notify of a trouble with payments,payment_issue
want help correcting my address,change_shipping_address
shipping to {{Delivery Country}},delivery_options
I need to check in which situations can I requst a refund,check_refund_policy
i need assistance to correct the shipping address,change_shipping_address
i want help to see the termination charges,check_cancellation_fee
I expect an compensation of {{Refund Amount}} dollars,track_refund
can ya help me to inform of an problem with payment,payment_issue
I can't check if there is anything wrong with my rebate,track_refund
how do I check at what time I can call customer assistance?,contact_customer_service
shipping to {{Delivery Country}},delivery_options
I have problems with canceling purchase {{Order Number}},cancel_order
help me check in which situations can i ask to be refunded,check_refund_policy
can you help me to see what options for delivery I have?,delivery_options
I expect a rebate of {{Currency Symbol}}{{Refund Amount}},track_refund
I want help checking what methods for delivery are available,delivery_options
show me under which circumstances can i ask to be reimbursed,check_refund_policy
how do i check what hours i can call customer assistance,contact_customer_service
I have problems editing the shipping address,change_shipping_address
where can i check what hours i can reach customer assistance,contact_customer_service
I am trying to talk with custojer service,contact_customer_service
i do not know what to do to report an issue withpayment,payment_issue
help changimg my address,change_shipping_address
can I check what hours I can reach customer assistance?,contact_customer_service
I don't know how I could modify my address,change_shipping_address
"I expect a restitution of {{Currency Symbol}}{{Refund Amount}}, was it processed",track_refund
i want help solving issues with online payment,payment_issue
"the payment failed, how to report an error with payment?",payment_issue
see how long refunds usually take,check_refund_policy
need help checking what hours customerservice available is,contact_customer_service
can I see under what circumstances can I request a refund?,check_refund_policy
want help seeing in which cases can I requesr a refund,check_refund_policy
I am waiting for a rebate fo {{Refund Amount}} dollars,track_refund
I'm waiting for a restitution of {{Refund Amount}} dollars,track_refund
there are problems trying to modify the shipping address,change_shipping_address
"I need to talk to customer support, how do I do it?",contact_customer_service
how can I check the status of the restitution?,track_refund
I do not know how to contact customer service,contact_customer_service
I want help cancellkng purchase {{Order Number}},cancel_order
help reporting troubles with payments,payment_issue
I need help to report a bloody error with payment,payment_issue
I'm waiting for a restitution of {{Currency Symbol}}{{Refund Amount}},track_refund
I am waiting for a refund of {{Currency Symbol}}{{Refund Amount}},track_refund
can you show me the termination fees?,check_cancellation_fee
can ya help me to inform of a problem with payment,payment_issue
help to see at what time i can reach customer support,contact_customer_service
how could I check your money back guarantee?,check_refund_policy
I expect a reimbursmeent of {{Refund Amount}} dollars,track_refund
want assistance to reporta payment error,payment_issue
I try to see my restitution status,track_refund
help me solve payment problems,payment_issue
correct delivery address,change_shipping_address
talk with customer support,contact_customer_service
I have got to see what hours I can reach customer service,contact_customer_service
I do not know how I can see the cancellation fees,check_cancellation_fee
i have to check if there are any news on the restitution,track_refund
I am waiting for a compensation of {{Refund Amount}} dollars,track_refund
i need supports correcting the address,change_shipping_address
I need help notifying of a problem with payment,payment_issue
I'm waiting for a restitution of {{Refund Amount}} dollras,track_refund
"I want to see what shipping options I have, how can I do it?",delivery_options
can I see in which cases can I ask for a reimbursement?,check_refund_policy
can you help me check in which cases can I ask for refunds?,check_refund_policy
supports editnig my delivery address,change_shipping_address
can you help me cancel order {{Order Number}}?,cancel_order
where do I cancel purchase {{Order Number}}?,cancel_order
error editing shipping address,change_shipping_address
could ya help me see the goddamn cancellation charge,check_cancellation_fee
help to see in which casescan i request reimbursements,check_refund_policy
how could I report trfoubles with payment?,payment_issue
assistance to inform of a trouble with online payments,payment_issue
what do i needto do to see the early termination fee,check_cancellation_fee
i cant pay for order {{Order Number}},cancel_order
how do I report troubles with payments?,payment_issue
I try to see what delivery methods I can choose,delivery_options
I'm waiting for a refund of {{Currency Symbol}}{{Refund Amount}},track_refund
can I check in which cases can I ask for a reimbursement?,check_refund_policy
is it possible to place an order from {{Delivery City}}?,delivery_options
"I want to check the goddamn rebate status, how to do it?",track_refund
can you help me to cancel purchase {{Order Number}}?,cancel_order
need to see at what time customer assistance available is,contact_customer_service
I need to see in what situations can I ask to be refunded,check_refund_policy
withdrawal hcarge,check_cancellation_fee
there is an issue trying to change my shipping address,change_shipping_address
i dont know how i can check my refund current status,track_refund
assistance to see if there are any news on the reimbursement,track_refund
"I ordered some products, how to cancel purchase {{Order Number}}?",cancel_order
I have problems with cancelling purchase {{Order Number}},cancel_order
help me cancel purchase {{Order Number}},cancel_order
how can I inform of a trouble with payhments?,payment_issue
can I place an order from {{Delivery City}}?,delivery_options
help me to talk to customer support,contact_customer_service
i xepect a refund of {{Currency Symbol}}{{Refund Amount}},track_refund
can ya help me notify of an issue with payment,payment_issue
"I expect a refund of {{Refund Amount}} dollars, has it been processed?",track_refund
help me check what delivery options I have,delivery_options
I don't know how to cancel purchase {{Order Number}},cancel_order
how to see if there is anything wrong with my restitution?,track_refund
I need help to report a trouble with online payment,payment_issue
i want assistance to notify of problems with online payments,payment_issue
I want help to check what shipping methods you offer,delivery_options
deliverids to {{Delivery Country}},delivery_options
i want information about a shipping address modification,change_shipping_address
I need help to inform of errors with online payment,payment_issue
help me seeing what methods for delivery I can choose,delivery_options
where do I see what fucking shipment methods are there?,delivery_options
help checking what hours I can contact customer assistance,contact_customer_service
how can I check what hours I can reach customer service?,contact_customer_service
how could I cancel purchase {{Order Number}}?,cancel_order
help me seeing what hours customer support available is,contact_customer_service
inform of ikssue with online payment,payment_issue
what is the customer support working hours?,contact_customer_service
want assistance checking the restitution status,track_refund
I try to update my address,change_shipping_address
i expect a rebate of {{Refund Amount}} dollars,track_refund
what do I need to do to update the delivery address?,change_shipping_address
i need assistance tospeak with fucking customer support,contact_customer_service
assistance to see the delivery methods,delivery_options
can I check what shipping methods I have?,delivery_options
help cancelling my bloody purchase,cancel_order
I do not want purchase {{Order Number}},cancel_order
I need assistance with a shipping address update,change_shipping_address
i have to check in which cases can i ask for a reimbursement,check_refund_policy
I need assistance to check the shipping methods,delivery_options
wannaspeak with customer service can ya help me,contact_customer_service
I'm waiting for a reimbursement of 1499dollars,track_refund
need assistance seeing the withdrawal charge,check_cancellation_fee
assistance seeing in which cases can I request my money back,check_refund_policy
help me see at what time I can call customer service,contact_customer_service
is it possible to place an order from {{Delivery City}} ?,delivery_options
i have problems trying to edit the delivery address,change_shipping_address
i have to see what hours customer support available is,contact_customer_service
i need assistance to report problems with online payments,payment_issue
canceling order,cancel_order
I need to check my goddamn restitution status,track_refund
there are errors trying to change the shipping address,change_shipping_address
could I check what shipment options you offer?,delivery_options
I'm waiting for a rebateof {{Currency Symbol}}{{Refund Amount}},track_refund
give me information about updating my delivery address,change_shipping_address
help to see in what situations can I ask to be refunded,check_refund_policy
"I have got to see how long refunds take, will you help me?",check_refund_policy
can you help me to speak to customer support?,contact_customer_service
I am waiting for a refund of {{Refund Amount}} dollars,track_refund
"I put the old address by mistake, how do I modify it?",change_shipping_address
I want assistance seeing what shipping options you offer,delivery_options
help me check in what situations can I ask to be reimbursed,check_refund_policy
want assistance solving a payment issue,payment_issue
problem with canceling purchase {{Order Number}},cancel_order
help seeing your money back  policy,check_refund_policy
how to report errors with payment,payment_issue
"I cannot find the termination fees, I need assistance",check_cancellation_fee
help me seeing what shipment methods are available,delivery_options
I try to see what shipping options I have,delivery_options
I don't know how I can talk with customer assistance,contact_customer_service
I want to check what shipment methods you offer,delivery_options
"I cannot pay, I want to report bloody problems with payment",payment_issue
i exepct a compensation of {{Currency Symbol}}{{Refund Amount}},track_refund
"I can't afford purchase {{Order Number}}, I need help canceling it",cancel_order
assistance with canceling oreder {{Order Number}},cancel_order
withrdawal penalty,check_cancellation_fee
calling customer assistance,contact_customer_service
is it possible to order from {{Delivery City}} ?,delivery_options
want help updating my address,change_shipping_address
show cancellation charges,check_cancellation_fee
I need help checking th cancellation fees,check_cancellation_fee
i need assistance to cancel order {{Order Number}},cancel_order
i chose a wfong fucking address i wanna correct it,change_shipping_address
I have to see whay hours I can call customer support,contact_customer_service
I'm waiting for a reimbursement of 1200dollars,track_refund
how can I see what options for delivery I can choose?,delivery_options
problems with canceling purchase {{Order Number}},cancel_order
need to report a payment error,payment_issue
help me check thee early termination penalties,check_cancellation_fee
i cannot make a transfer help to report damn payment issues,payment_issue
i expect a compensqtion of {{Refund Amount}} dollars,track_refund
where can I cancel purchase {{Order Number}}?,cancel_order
d uship to {{Delivery City}},delivery_options
how do i notify of a problem with online payments,payment_issue
can uhelp me to inform of  issues with payments,payment_issue
I need assistance to see your refund policy,check_refund_policy
"I have to check the rebate status, I need assistance",track_refund
i have got to check the early exit fee can uhelp me,check_cancellation_fee
can i call customer assistance,contact_customer_service
I need information about correcting the shipping address,change_shipping_address
help me check in which casesx can I ask for reimbursements,check_refund_policy
I want help seeing what delivery options are there,delivery_options
there is a problem trying to modify the delivery address,change_shipping_address
i can no longer pay for purchase {{Order Number}},cancel_order
do ya ship to {{Delivery Country}},delivery_options
have problems wth cancelling order {{Order Number}},cancel_order
help informing of a fucking payment problem,payment_issue
help me editing the shipping address,change_shipping_address
I don't know what I need to do to speak to customer support,contact_customer_service
check restitution current status,track_refund
is it possible to talk to damn customer support?,contact_customer_service
can ya help me checking what methds for delivery ya offer,delivery_options
have problems with a shipping address update,change_shipping_address
need assistance modifying the delivery address,change_shipping_address
how do I see the withdrawal charges?,check_cancellation_fee
I want assistance to inform of a problem with payment,payment_issue
assistance checking my reimbursement current status,track_refund
"I bought something, help me cancel purchasae {{Order Number}}",cancel_order
could you help me talking with customer assistance?,contact_customer_service
I expect a restitution of {{Currency Symbol}}{{Refund Amount}},track_refund
is it possible to ordet from {{Delivery Country}},delivery_options
can ya  help me to speak with customer assistance,contact_customer_service
i have anissue modifying my address,change_shipping_address
want help to solve a payment error,payment_issue
hpw to call customer service?,contact_customer_service
can you help me notifying of errors with online payment?,payment_issue
do uship to {{Delivery City}},delivery_options
my card was declined report payment issues,payment_issue
"the payment failed, I need assistance to notify of issues",payment_issue
"I need to see your refund policy, can you helpme?",check_refund_policy
I want assistance cancelling purchase {{Order Number}},cancel_order
where do i check the withdrawal charges,check_cancellation_fee
I want to report errors with payment,payment_issue
assistance to report a problem with payments,payment_issue
I want to see how long refunds take,check_refund_policy
in which cases can I ask for my money back?,check_refund_policy
I try to check in what situations can I ask for refunds,check_refund_policy
i expect a rebate of {{Currency Symbol}}{{Refund Amount}} was it processed,track_refund
I need help checking if there are any updates on the rebate,track_refund
will ushow me the early terminarion charges,check_cancellation_fee
d uship to {{Delivery City}},delivery_options
help seeing in which situations can I request refunds,check_refund_policy
I want assistance checking how long refunds uaually take,check_refund_policy
there are errors trying to correct my address,change_shipping_address
i try to speak with customer support,contact_customer_service
need help checking the current status ofv the compensation,track_refund
assistance to cancel purchased {{Order Number}},cancel_order
I want help speaking to customer service,contact_customer_service
wanna see the withdrawal charges how can i do it,check_cancellation_fee
I want assistance to see your damn money back guarantee,check_refund_policy
want help to see ur money back policy,check_refund_policy
I don't know how I can speak with customer service,contact_customer_service
I do not know what to do to call customer service,contact_customer_service
help to see your money back guarantee,check_refund_policy
what do I have to do to change the address?,change_shipping_address
where to modify my delivery address?,change_shipping_address
check delivery options,delivery_options
I don't know how I can notify of a problem with payments,payment_issue
what is your money back guarantee?,check_refund_policy
i want assistance to inform of issues with onlinbe payments,payment_issue
will you tell me what hours I can contact customer support?,contact_customer_service
how can I find information about a delivery address change?,change_shipping_address
"the address changed, I need assistace editing it",change_shipping_address
I have issues trying to edit my delivery address,change_shipping_address
how do i see the early exit charges,check_cancellation_fee
need support tryinmg to change the address,change_shipping_address
can you tell me more about a delivery address correction?,change_shipping_address
i need assistance changing the delivery address,change_shipping_address
i have got to check the damn withdrawal penalty,check_cancellation_fee
shipments to {{Delivery City}},delivery_options
can you help me to see the early termination fees?,check_cancellation_fee
wanna know more about correcting my shipping address,change_shipping_address
is it possible to place an order from {{Delivery Country}},delivery_options
assistance checking what bloody shipping options you offer,delivery_options
assistance to notify of issues with online payments,payment_issue
I expect a restitution of {{Refund Amount}} dollars,track_refund
see under which circumstances can I ask for refunds,check_refund_policy
where can I see what delivery methods I have?,delivery_options
could you help me to see the status of the reimbursement?,track_refund
assistance to see my compensation status,track_refund
I'm waiting for a reimbjrsement of {{Currency Symbol}}{{Refund Amount}},track_refund
help with canceling purchase {{Order Number}},cancel_order
i expect a goddamn reimbursement of {{Refund Amount}} dollars,track_refund
need to speak to customere assistance,contact_customer_service
do you have a free customer assistance phone number?,contact_customer_service
where can I edit my delivery address?,change_shipping_address
I expect a compensation of {{Currency Symbol}}{{Refund Amount}},track_refund
do you ship to {{Delivery Country}}?,delivery_options
I need help seeing a what time customer service available is,contact_customer_service
d uship to {{Delivery City}},delivery_options
where can I check at what time I can call customer service?,contact_customer_service
have problems with canceling order {{Order Number}},cancel_order
I have to call customer service,contact_customer_service
I want help changing the bloody delivery address,change_shipping_address
hsipping to {{Delivery Country}},delivery_options
I am trying to see the fucking withdrawal charges,check_cancellation_fee
i expect a rebate of {{Currency Symbol}}{{Refund Amount}},track_refund
do you shp to {{Delivery City}}?,delivery_options
wanna notify of goddamn errors with online payment,payment_issue
I want help seeing the cancellation charge,check_cancellation_fee
how to see what hours I can contact customer service?,contact_customer_service
help to check the early exit fee,check_cancellation_fee
I need to see under what circumstances can I ask for refunds,check_refund_policy
I need assistance to see what shipment options you offer,delivery_options
is it possible to see the early termination charges,check_cancellation_fee
I need assistance cancelling order {{Order Number}},cancel_order
can you help me seeing the cancellation charge?,check_cancellation_fee
I don't know what I have to do to see the early exit fees,check_cancellation_fee
wanna see how long refunds take could ya help me,check_refund_policy
how do I see your reimbursement policy?,check_refund_policy
"I expect a bloody rebate of {{Currency Symbol}}{{Refund Amount}}, was it processed already",track_refund
where to see the methods for shipment,delivery_options
problem with cancelling purchase {{Order Number}},cancel_order
I don't know what I need to  do to check your refund policy,check_refund_policy
what do I have to do to notify of payment issues?,payment_issue
assistance with cancelling pucrhase {{Order Number}},cancel_order
i exepct a restitution of {{Currency Symbol}}{{Refund Amount}},track_refund
I want assistance to cancel order {{Order Number}},cancel_order
i want assistance seeing thw termination penalties,check_cancellation_fee
I want to see the cancellation fees,check_cancellation_fee
where to see the damn termination charges?,check_cancellation_fee
can you help me report troubles with payment?,payment_issue
i need assistance to solve payment errors,payment_issue
check in which cases can i request refunds,check_refund_policy
I need help to see the early exit fees,check_cancellation_fee
do you deliver to {{Delivery City}}?,delivery_options
how to speak to customer support ?,contact_customer_service
shipping to {{Delivery City}},delivery_options
how can I see if there is anything wrong with my rebate?,track_refund
I'm waiting for a rebate of {{Refund Amount}} dollars,track_refund
want help to see if there are any news on the rebate,track_refund
where do I notify of a problem with payment?,payment_issue
i expect a compensation of {{Currency Symbol}}{{Refund Amount}},track_refund
can I update the delivery address?,change_shipping_address
shipmetns to {{Delivery City}},delivery_options
what do I need to do to check the fucking shipment methods?,delivery_options
I need to check what shipment methods are available,delivery_options
tell me about a delivery address update,change_shipping_address
I can't afford order {{Order Number}},cancel_order
assistance to check the early exit penalty,check_cancellation_fee
assistance to see what shipment methods I can choose,delivery_options
i get an error when i try to make a transfer report it,payment_issue
i have to see in what casescan i request a reimbursement,check_refund_policy
see what hours customer service available is,contact_customer_service
help me seeing what hours I can contact customer assistance,contact_customer_service
is it possible to cxancel order {{Order Number}},cancel_order
could uhelp me to check the early exit fee,check_cancellation_fee
I try to check in what cases can I request my money back,check_refund_policy
see in which situations can I ask to be refunded,check_refund_policy
"I entered a wrong address, update it",change_shipping_address
I don't know how I can check your reimbursement policy,check_refund_policy
I try to check in which cases can I ask for my money back,check_refund_policy
what is the bloody customer service phone number?,contact_customer_service
I can't modify the delivery address,change_shipping_address
I need help seeing the termination charges,check_cancellation_fee
can you help me check in which cases can I request a refund?,check_refund_policy
"my card did not work, help to inform of payment issues",payment_issue
problems with cancelling order {{Order Number}},cancel_order
i need help seeing if there are any news on the rebate,track_refund
could I check the goddamn status of the refund?,track_refund
"my goddamn delivery address has changed, change it",change_shipping_address
question about cancelling purchase {{Order Number}},cancel_order
help me to see in what cases can I ask for a damn refund,check_refund_policy
i need help with canceling purchase {{Order Number}},cancel_order
I do not know how to check what shipping options I have,delivery_options
help me to see what hours I can contact customer service,contact_customer_service
"I want to see the early exit penalty, how can I do it?",check_cancellation_fee
I try to check the restitution status,track_refund
I am waiting for a rebate of {{Currency Symbol}}{{Refund Amount}},track_refund
question about canceling order {{Order Number}},cancel_order
help me checking in which situations can I ask for refunds,check_refund_policy
where to check what methods for delivery are available?,delivery_options
help me check in which cases can I request refunds,check_refund_policy
I expect an compensation of {{Refund Amount}} dollars,track_refund
need help seeing in what cases can i ask for my money back,check_refund_policy
help with cancelling order {{Order Number}},cancel_order
check if there is anything wrong with my damn restitution,track_refund
how to check the early exit penalties?,check_cancellation_fee
i dont want order {{Order Number}},cancel_order
see under what circumstances can i ask for reimbursements,check_refund_policy
I have troubles trying to update the address,change_shipping_address
see ur reimbursement policy,check_refund_policy
how do i see what options for delivery are available,delivery_options
can ushow me the withdrawal penalties,check_cancellation_fee
need assistance to notify of issues with online payment,payment_issue
i dont know what to do to change the address,change_shipping_address
I need help to call customer support,contact_customer_service
assistance to report an error with payment,payment_issue
I expect an rebate of {{Refund Amount}} dollars,track_refund
how to correct the shipping address,change_shipping_address
cancel order {{Order Number}},cancel_order
i want assistance to check the termination penalty,check_cancellation_fee
is it possible to correct my delivery address?,change_shipping_address
I do not know how I can see the bloody early termination fee,check_cancellation_fee
tell me what hours I can call customer service,contact_customer_service
I want help canceling purchase {{Order Number}},cancel_order
help me to edit the delivery address,change_shipping_address
I want help canceling purchase {{Order Number}},cancel_order
I am trying to see in which cases can I ask to be refunded,check_refund_policy
"I would like to check your refund policy, how can I do it?",check_refund_policy
how can i check the withdrawal penalty,check_cancellation_fee
need to seee at what time i can contact customer support,contact_customer_service
I need help to notify of a trouble with payment,payment_issue
"I have to see how long reimbursements usually take, help me",check_refund_policy
where can I see at what time I can reach customer support?,contact_customer_service
can I see what delivery options are there?,delivery_options
how to check at what time i can reach customer assistance,contact_customer_service
help to see what delivery methods are available,delivery_options
"I can't afford order {{Order Number}}, could I cancel it?",cancel_order
can I check the shipment options?,delivery_options
I need help to speak with customer assistance,contact_customer_service
canmcel order {{Order Number}},cancel_order
how do i see the termination penalty,check_cancellation_fee
is it plssible to order from {{Delivery Country}}?,delivery_options
Iexpect a restitution of {{Refund Amount}} dollars,track_refund
"I have submitted a wrong address, I want to modify it",change_shipping_address
I would like to see in which cases can I request a refund,check_refund_policy
want help to track the reimbursement,track_refund
"I need to speak to customer assistance, how can I do it?",contact_customer_service
help me to check in which cases can I request reimbursements,check_refund_policy
report a trouble wuth payments,payment_issue
what do I need to do to check the termination charge?,check_cancellation_fee
help to see inwhich situations can I ask to be refunded,check_refund_policy
help seeing your reimbursement policy,check_refund_policy
I try to see under which circumstances can I ask for refunds,check_refund_policy
is  it possible to see the early termination penalty,check_cancellation_fee
I have to see in which situations can I ask to be refunded,check_refund_policy
i expect a restitution of {{Currency Symbol}}{{Refund Amount}} was it processed already,track_refund
need to check the early exit fees,check_cancellation_fee
help me checking ur reimbursement policy,check_refund_policy
need help to check in which cases can Irequest refunds,check_refund_policy
what do I need to do to cancel purchase {{Order Number}}?,cancel_order
I do not know how to check the cancellation charge,check_cancellation_fee
I can't seed your refund policy,check_refund_policy
what do i need to do to cancel order {{Order Number}},cancel_order
help to see at what time i can call customer assistance,contact_customer_service
help me to edit my address,change_shipping_address
troubles modifying address,change_shipping_address
i expect a restitution of {{Refund Amount}} dollars was it processed,track_refund
how can i see what shipment methods i have,delivery_options
help me to report errors with payment,payment_issue
i dont know how to check the current status of my rebate,track_refund
I have to check the termination fees,check_cancellation_fee
termination fee,check_cancellation_fee
help checking in what cases can I request a refund,check_refund_policy
I want assistance to inform of errors with online payment,payment_issue
where can I check the early termination penalty?,check_cancellation_fee
their is an issue trying to update my address,change_shipping_address
what do i have to do to report a trouble with payments,payment_issue
need to get in touch with customer assistance how to do it,contact_customer_service
show me at what time i can reach customre service,contact_customer_service
i have a trouble trying to correct my address,change_shipping_address
I don't know what I have to do to see the restitution status,track_refund
cancel order {{Order Number}},cancel_order
where do I cancel purchase {{Order Number}}?,cancel_order
"I have to check the fucking withdrawal charges, I need help",check_cancellation_fee
i can no longer afford order {{Order Number}},cancel_order
there is a trouble modifying the shipping address,change_shipping_address
delieries to {{Delivery City}},delivery_options
could you help me to check what delivery methods I have?,delivery_options
i do not know what to do to edit the delivery address,change_shipping_address
I need help to see the early exit charge,check_cancellation_fee
"I wwould like to see your damn money back policy, help me",check_refund_policy
assistance to see your goddamn money back guarantee,check_refund_policy
I want assistsnce seeing the withdrawal penalty,check_cancellation_fee
help em to report an issue with payment,payment_issue
can I place an order from {{Delivery City}}?,delivery_options
I expect a restitution of {{Refund Amount}} dollars,track_refund
I try to check in which cases can I request a refund,check_refund_policy
is it possible to cancel purchase {{Order Number}},cancel_order
can you help me cancelling purchase {{Order Number}}?,cancel_order
need assistance reporting a problem with payment,payment_issue
is it possible toorder from {{Delivery City}},delivery_options
what do I need to do to see what delivery options you offer?,delivery_options
how to see the status of my restitution,track_refund
I try to modify my address,change_shipping_address
I want help seeing in what situations can I request refunds,check_refund_policy
i try to check the termination charges,check_cancellation_fee
"I don't want this article, cancel order {{Order Number}}",cancel_order
i try to check the termination epnalties,check_cancellation_fee
help seeing under which circumstances can i request a refund,check_refund_policy
I have to see in what cases can I request a refund,check_refund_policy
where can I inform of issues with payments?,payment_issue
is it possible to place an order from {{Delivery Country}}?,delivery_options
help seeing the termination penalty,check_cancellation_fee
assistance seeing your refund policy,check_refund_policy
do ya deliver to {{Delivery Country}},delivery_options
I need assistance to see the cancellation  penalty,check_cancellation_fee
"I need to see the delivery options, how do I do it?",delivery_options
do you edliver to {{Delivery Country}}?,delivery_options
I do not know how to cancel purchase {{Order Number}},cancel_order
I have got to see how long refunds take,check_refund_policy
can you show me in what cases can I request refunds?,check_refund_policy
I am trying to check how long reimbursements usually tke,check_refund_policy
i have to call customer assistance how to do ti,contact_customer_service
I want to check at what time I can reach customer serfvice,contact_customer_service
I want assistance seeing the damn reimbursement status,track_refund
i need help canceling order {{Order Number}},cancel_order
I need to inform of damn issues with online payment,payment_issue
i dont know how i can see the delivery options,delivery_options
I do not know how I can check your reimbursement policu,check_refund_policy
i need assistance to see the refund status,track_refund
I want help speaking with customer assistance,contact_customer_service
need assistance to speak with customer support,contact_customer_service
i expect a restitution of {{Refund Amount}} dollafs,track_refund
I have got to see in which cases can I ask for refunds,check_refund_policy
I exxpect a rebate of {{Currency Symbol}}{{Refund Amount}},track_refund
I'm trying to see at what time customer support available is,contact_customer_service
I need help seeing what hours I can reach customer support,contact_customer_service
"I can't make a transfer, help to inform of a payment error",payment_issue
how do i see if there are any news on the restitution,track_refund
i need assistance checking the withdrawal charges,check_cancellation_fee
I need supports trying to update the shipping address,change_shipping_address
I am waiting for a compensation of {{Refund Amount}} dollars,track_refund
help to see what shipping methods you offer,delivery_options
can you show me the current status of my refund?,track_refund
there are problems trying to edit the delivery address,change_shipping_address
i need help to see in what situationw can i ask for refunds,check_refund_policy
how can I speak to customer support?,contact_customer_service
need to check what hours i can call customer service,contact_customer_service
"I need to talk with customer assistance, can you help me?",contact_customer_service
updating address,change_shipping_address
I need assistance with canceling purchase {{Order Number}},cancel_order
help me see what hours customer support available is,contact_customer_service
show me at what time customer assistance available is,contact_customer_service
cancel purchase00004587345,cancel_order
assistance canceling order {{Order Number}},cancel_order
how to see what hours i can contact customer service,contact_customer_service
"I have to check what delivery methods I can choose, help me",delivery_options
i have got to edit my delivery address,change_shipping_address
help seeing what hours customer assistance available is,contact_customer_service
"I cannot afford my last item, how can I cancel the order?",cancel_order
where do I check what shipment methods are available?,delivery_options
need assistance cancelinv purchase {{Order Number}},cancel_order
I need help reporting a problem with payment,payment_issue
"my shipping address changed, can you update it?",change_shipping_address
help to get in touch with customer service,contact_customer_service
will you show me the termination charge?,check_cancellation_fee
I try to see in which cases can I request a reimbursement,check_refund_policy
is it possible to see in what cases can i ask for a refund,check_refund_policy
I expect a rebate of {{Refund Amount}} dollars,track_refund
I need help seeing what options for delivery you offer,delivery_options
where could I inform of issues with payment?,payment_issue
help to check in which cases can i erquest my money back,check_refund_policy
"I want to check the shipping options, I need help",delivery_options
where can I check the current status of my rebate?,track_refund
help me talking to customer service,contact_customer_service
I am waiting for an refund of {{Currency Symbol}}{{Refund Amount}},track_refund
do you have a toll-free customer assistance phone no?,contact_customer_service
help to check at what time customer assistance available is,contact_customer_service
I need help to solve errors with payments,payment_issue
I can no longer afford purchase {{Order Number}},cancel_order
I have a problem trying to correct the shipping address,change_shipping_address
i expect a refund of {{Refund Amount}} dollars has it been processed,track_refund
I need assistance changing the address,change_shipping_address
is it possible to ordet from {{Delivery Country}},delivery_options
i have tosee in which situations can i request refunds,check_refund_policy
I do not know how to check the withdrawal charges,check_cancellation_fee
can I order from {{Delivery City}}?,delivery_options
check the early termination charges,check_cancellation_fee
i have an issue trying to correct the shipping address,change_shipping_address
i have got to see the early termination charges,check_cancellation_fee
would it be possible toplace a fucking order from {{Delivery City}},delivery_options
I want assistance to see the fucking status of the rebate,track_refund
I need assistance notifying of troubles with online payments,payment_issue
I call to see the shipping methods,delivery_options
i expect a compensqtion of {{Refund Amount}} dollars,track_refund
i dont know how i can check the termination penalties,check_cancellation_fee
show me under whcih circumstances can i ask to be refunded,check_refund_policy
where can I see what hours I can reach customer assistance?,contact_customer_service
I want help canceling order {{Order Number}},cancel_order
"I cannot pay, help notifying of a problem with payment",payment_issue
can I see the status of my restitution?,track_refund
I want assistance to see your money back policy,check_refund_policy
help me check the status of the rebate,track_refund
I need assistance to cancel order {{Order Number}},cancel_order
can you help me to get in touch with customer support?,contact_customer_service
where can I notify of a trouble with payment?,payment_issue
I try to notify of an error with online payments,payment_issue
I cannot edit my delivery address,change_shipping_address
help to see the status of my rebate,track_refund
i cant pay  inform of a problem with payment,payment_issue
I don't know what to do to speak with customer assistance,contact_customer_service
I need to check what shipment options I can choose,delivery_options
i expect a compensation of {{Refund Amount}} dollars,track_refund
want help modifying my address,change_shipping_address
i dont know what i have to do to see the rebate status,track_refund
help me see how long the bloody reimbursements usually take,check_refund_policy
where to notify of problems with online payment?,payment_issue
i need assistance to cancel order {{Order Number}},cancel_order
i want assistance calling customer support,contact_customer_service
i have issues trying to modify my shipping address,change_shipping_address
i need assiostance cancelling order {{Order Number}},cancel_order
I have problems with cancelling purchase {{Order Number}},cancel_order
checking early exit charge,check_cancellation_fee
"I would like to call customer assistance, how could I do it?",contact_customer_service
I do not know how to see the status of my rebate,track_refund
i dont know how i can check what delivery methods i have,delivery_options
need assistance canceling order {{Order Number}},cancel_order
can ya show me in what cases can i ask for a reimbursement,check_refund_policy
I have to see the early termination charge,check_cancellation_fee
I'm waiting for a compensation of {{Refund Amount}} dollars,track_refund
do you edliver to {{Delivery Country}}?,delivery_options
I have to inform of damn problems with payment,payment_issue
I want assistance talking with customer service,contact_customer_service
need assistance to cancel orer {{Order Number}},cancel_order
I don't know how I can check the withdrawal charge,check_cancellation_fee
shipments to {{Delivery Country}},delivery_options
is it possible to notify of troubles with online payment ?,payment_issue
I want to see what options for delivery I can choose,delivery_options
can uhelp me see what hours i can call customer service,contact_customer_service
need helpsolving problems with online payment,payment_issue
i expect a reimbursxement of {{Currency Symbol}}{{Refund Amount}},track_refund
where can I see the early termination fees?,check_cancellation_fee
I want assistance to notify of troubles with online payments,payment_issue
wanna check uf refund policy,check_refund_policy
assistance to inform of an issue with online payments,payment_issue
how can i see if there are any news on my rebate,track_refund
can i order frlm {{Delivery City}},delivery_options
i put my old address by mistake i need help updating it,change_shipping_address
I have to see in what cases can I ask for a reimbursement,check_refund_policy
"I want to check the fucking withdrawal fee, how can I do it?",check_cancellation_fee
want assistance canceling order {{Order Number}},cancel_order
I try to cancel purchase {{Order Number}},cancel_order
help me see in what cases can i request a reimbursement,check_refund_policy
information about editing my shipping address,change_shipping_address
i dont know what to do to report troubles with payments,payment_issue
need help seeing in which situations can I request refunds,check_refund_policy
show current status of restitution,track_refund
can ya help me speak to customer service,contact_customer_service
"I ordered some item, cancel purchase {{Order Number}}",cancel_order
"I want to check how long refunds take, I need assistance",check_refund_policy
I am trying to find information about modifying the address,change_shipping_address
I have got to check in which cases can I ask for refunds,check_refund_policy
I don't know what to do to inform of a problem with payment,payment_issue
where could i inform of problems with online payments,payment_issue
I have problems with cancelling purchase {{Order Number}},cancel_order
i need help to see what hours customer support azvailable is,contact_customer_service
I need to check in which cases can I ask for my money back,check_refund_policy
would it be possible to see what shipping options are there?,delivery_options
i need supports tryingh to modify my delivery address,change_shipping_address
i need help to change my shipping address,change_shipping_address
I do not know what to do to see the termination charge,check_cancellation_fee
I'd like tro check the withdrawal fees,check_cancellation_fee
help me updating my shipping address,change_shipping_address
help me canceling purchase {{Order Number}},cancel_order
where do i cherck at what time i can call customer service,contact_customer_service
I can no longer afford order {{Order Number}},cancel_order
help me checking in which cases can i request reimbursements,check_refund_policy
I have got to check your reimbursement policy,check_refund_policy
could you show me what hours I can call customer service?,contact_customer_service
i wan help to report payment problems,payment_issue
problems with canceling purchase {{Order Number}},cancel_order
I want to check the current status of the refund,track_refund
I'm waiting for a restitution of {{Refund Amount}} dollars,track_refund
i have a problem correcting the address,change_shipping_address
I can't find anything about the withdrawal charges,check_cancellation_fee
i need help canceling order {{Order Number}},cancel_order
need help to check what methods for delivery i have,delivery_options
I do not know what to do to cancel purchase {{Order Number}},cancel_order
assistnace cancelling order {{Order Number}},cancel_order
help me to see at what time customer support available is,contact_customer_service
where to check at wnat time customer assistance available is,contact_customer_service
where do I see the options for delivery?,delivery_options
od ya deliver to {{Delivery Country}},delivery_options
need to talk to customer support,contact_customer_service
I do not know how to notify of a trouble with payment,payment_issue
I have got to see what methods for delivery I have,delivery_options
in what situations can i ask for a refund,check_refund_policy
i need help to inform of issues with online payments,payment_issue
how do i see at what time i can recah customer service,contact_customer_service
"I would like to correct the damn delivery address, help me",change_shipping_address
can i place an order frim {{Delivery Country}},delivery_options
"my credit card was declined, I have to report payment errors",payment_issue
need help cancelling order {{Order Number}},cancel_order
I need assistance canceling purchase {{Order Number}},cancel_order
I want to check at what time customer support available is,contact_customer_service
I cannot find the termination charge,check_cancellation_fee
need assistance speaking with customer support,contact_customer_service
tell me about correcting the shipping address,change_shipping_address
i need assistance talking with customer service,contact_customer_service
can i check the shipping methods,delivery_options
where do i cancel purchase {{Order Number}},cancel_order
show early termination charge,check_cancellation_fee
I don't know how I can report a problem with payments,payment_issue
i want assistance to see the options for shipment,delivery_options
how do I check the current status of my restitution?,track_refund
I don't know how I can speak wih customer service,contact_customer_service
i expect a refund of {{Refund Amount}} dollars,track_refund
i have got to correct the address,change_shipping_address
I cannot see the status of my compensation,track_refund
can utell me about a shipping addres modification,change_shipping_address
is it possible to seeur money back policy,check_refund_policy
i cant edit my shippin address,change_shipping_address
could you help me cancel purchase {{Order Number}}?,cancel_order
need to cancel purchase {{Order Number}},cancel_order
there are troubles updating the address,change_shipping_address
need help with cancelliing order {{Order Number}},cancel_order
I expect a refund of {{Currency Symbol}}{{Refund Amount}},track_refund
I expect an refund of {{Refund Amount}} dollars,track_refund
I'm waiting for an refund of {{Currency Symbol}}{{Refund Amount}},track_refund
i need assistance to check how long refunds take,check_refund_policy
need assistance reporting an issue with pyments,payment_issue
whag do i need to do to cancel order {{Order Number}},cancel_order
can I check what delivery methods are available?,delivery_options
"I bought some product, I want to cancel order {{Order Number}}",cancel_order
"I have to speak with customer support, how to do it?",contact_customer_service
where could I notify of a problem with payment?,payment_issue
i have to check the shipment methods i need assistance,delivery_options
help me notify of an issue with payment,payment_issue
the deliuvery address changed,change_shipping_address
need help to check if there are any news on the restitution,track_refund
"I need to contact customer assistance, how to do it?",contact_customer_service
help me check at what time I can reach customer service,contact_customer_service
show cancellation penalties,check_cancellation_fee
"I need to report a payment error, how can I do it?",payment_issue
needs help to see at what time customer support available is,contact_customer_service
check the current status of my rebate,track_refund
where can i modify the shipping address,change_shipping_address
I don't know what I have to do to see the withdrawal pemalty,check_cancellation_fee
I am waiting for a rebate of {{Currency Symbol}}{{Refund Amount}},track_refund
"I can no longer afford order {{Order Number}}, cancel it",cancel_order
I do not know how I can notify of an error with payments,payment_issue
is it possible to place an order from {{Delivery City}}?,delivery_options
I expect a restitution of {{Currency Symbol}}{{Refund Amount}},track_refund
i expect a rebate of {{Currency Symbol}}{{Refund Amount}},track_refund
"I expect a goddamn compensation of {{Currency Symbol}}{{Refund Amount}}, was it processed",track_refund
where can i report issues with payment,payment_issue
could you show me in what situations can I ask for refunds?,check_refund_policy
can i place an oeder from {{Delivery City}},delivery_options
where do I see what shipping options I can choose?,delivery_options
is it possible to check the withdrawal charges,check_cancellation_fee
want assistance trying to update my shipping address,change_shipping_address
I have got to see my compensation current status,track_refund
"I have to see how long reimbursements take, how can I do it?",check_refund_policy
"I bought some bloody articles, cancel order {{Order Number}}",cancel_order
assistance contacting customer service,contact_customer_service
issues with payments,payment_issue
how much would you charge me if I cancelled the contract?,check_cancellation_fee
delieries to {{Delivery City}},delivery_options
help me seeing what hours customer assistance available is,contact_customer_service
do you deliver to {{Delivery City}} ?,delivery_options
i do not know how to track my rebate,track_refund
I'm waiting for a reimbursement of {{Refund Amount}} dollars,track_refund
I have errors correcting the address,change_shipping_address
there are troubles correcting my address,change_shipping_address
i expect a restitution of {{Currency Symbol}}{{Refund Amount}} has it been processed already,track_refund
i want assistance canceling order {{Order Number}},cancel_order
i nee help to cancel order {{Order Number}},cancel_order
i have got to see trhe withdrawal charge can i get some help,check_cancellation_fee
what do I have to do to track the refund?,track_refund
I do not knwo what I need to do to cancel order {{Order Number}},cancel_order
i need help seeing the withdrawal charge,check_cancellation_fee
what do I have to do to change my shipping address?,change_shipping_address
can you tell me about changing the delivery address?,change_shipping_address
would it be possible to inform of a problem with payment?,payment_issue
help me to see what hours I can reach customer service,contact_customer_service
I want  assistance checking the withdrawal penalties,check_cancellation_fee
I don't know how I could check the early termination charges,check_cancellation_fee
are there any withdrawal charges?,check_cancellation_fee
can uhelp me to call customre assistance,contact_customer_service
I don't know how to see the shipping methods,delivery_options
help checking theearly exit charge,check_cancellation_fee
show me the withdrawal penalties,check_cancellation_fee
need to check in which cases can i request an refund,check_refund_policy
how do I check the termination charge?,check_cancellation_fee
I need support updating the delivery address,change_shipping_address
I have a problem with cancelling purchase {{Order Number}},cancel_order
could ya help me to report an isue with payment,payment_issue
I can't modify my delivery address,change_shipping_address
I want help to check the early termination penalties,check_cancellation_fee
help me to see in which cases can i ask for my money back,check_refund_policy
what do i need to do to inform of problems wiht payment,payment_issue
where do I see what hours I can reach customer support?,contact_customer_service
where to see the early termination fee?,check_cancellation_fee
"I am waiting for a compensation of {{Currency Symbol}}{{Refund Amount}}, was it processed",track_refund
I have an error modifying the address,change_shipping_address
help checking what hours customer service available is,contact_customer_service
I try to see in which situationscan I ask for refunds,check_refund_policy
can i place an order from {{Delivery City}},delivery_options
I need supports correcting the shipping address,change_shipping_address
what is the early termination fee,check_cancellation_fee
I want help to see what damn shipment options I can choose,delivery_options
I try to see at what time customer support available is,contact_customer_service
I do not know how to see the early exit penalty,check_cancellation_fee
I need help to know if there is anything new on my rebate,track_refund
i do not know how i can cancel order {{Order Number}},cancel_order
shiping to {{Delivery City}},delivery_options
i dont want order {{Order Number}} could i cancel it,cancel_order
help to check the current status of the compensation,track_refund
I need assistance cancelling purchase {{Order Number}},cancel_order
I can't afford purchase {{Order Number}},cancel_order
I don't know what to do to check the status of my rebate,track_refund
where could I see the early exit penalties?,check_cancellation_fee
I want to know about modifying the delivery address,change_shipping_address
how could I report problems with payment?,payment_issue
i want assistance seeing how long reimbursements take,check_refund_policy
where can I cancel purchase {{Order Number}}?,cancel_order
how to see the current status of the rebate,track_refund
help to check at what time customer support available is,contact_customer_service
I don't know how to check what shipment methods you offer,delivery_options
need help cancelling purchase {{Order Number}},cancel_order
what do I need to do to inform of isues with payments?,payment_issue
i dont want purchase {{Order Number}},cancel_order
can you help me see the status of the reimbursement?,track_refund
need help to see in what cases can I ask for reimbursements,check_refund_policy
show me at what time I can call customer service,contact_customer_service
i need assistance canceling roder {{Order Number}},cancel_order
assistance to modify my shipping address,change_shipping_address
i cannot find the cancellation fees,check_cancellation_fee
I have got to see your money back policy,check_refund_policy
I can't find the cancellation charges,check_cancellation_fee
"I cannot pay, I want to notify of a trouble with payments",payment_issue
i dont know what i have to do to edit my shipping address,change_shipping_address
assistance to see how long reimbursements usually take,check_refund_policy
I do not know how to see the termination charges,check_cancellation_fee
i need help cancelling purchase {{Order Number}},cancel_order
help to notify of errors with online payments,payment_issue
how do i inform of payment issues,payment_issue
help me see in what situations can I request reimbursements,check_refund_policy
seeing withdrawal charges,check_cancellation_fee
I am trying to check your money back guarantee,check_refund_policy
help me to see what hours I can contact customer assistance,contact_customer_service
where do I check what hours I can call customer service?,contact_customer_service
I expect an refund of {{Refund Amount}} dollars,track_refund
I have got to see what shipment options I can choose,delivery_options
"I submitted a wrong shipping address, I awnt to change it",change_shipping_address
cancelling purchase {{Order Number}},cancel_order
how can i know if there is anything wrong with my refund,track_refund
how do I speak to customer service?,contact_customer_service
is it possible to modify my shipping address,change_shipping_address
what do I need t do to check the cancellation charges?,check_cancellation_fee
where to track the reimbursement,track_refund
problems with a delivery address modification,change_shipping_address
need assistance trying to edit my address,change_shipping_address
I need to check your reimbursement policy,check_refund_policy
can I check in which cases can I ask to be reimbursed?,check_refund_policy
I don't know how I could check the early exit fees,check_cancellation_fee
where do I seed the early exit charge?,check_cancellation_fee
I need assistance to see what delivery methods are there,delivery_options
I don't know how to track my reimbursement,track_refund
i have to see the early termination penalties how to doo it,check_cancellation_fee
do you ship to {{Delivery City}}?,delivery_options
I want to speak with customer assistance,contact_customer_service
supports trying to update my address,change_shipping_address
I'm waiting for an refund of {{Currency Symbol}}{{Refund Amount}},track_refund
see the early exit penalties,check_cancellation_fee
I don't know how I can track my rebate,track_refund
I expect a fucking compensation of {{Currency Symbol}}{{Refund Amount}},track_refund
i do not know how to notify of payment errors,payment_issue
have problems with cancelling purchase {{Order Number}},cancel_order
can you help me reporting an error with online payment?,payment_issue
"the payment did not go through, report an error",payment_issue
are charges for services reimbursable?,check_refund_policy
I'm waiting for a refund of {{Refund Amount}} dollars,track_refund
I need assistance notifying of a problem with online payment,payment_issue
I need support trying to update my shipping address,change_shipping_address
what do I have to do to speak to customer assistance?,contact_customer_service
is it possible to order from {{Delivery City}} ?,delivery_options
can i place an order frim {{Delivery Country}},delivery_options
where to check what shipping methods are there?,delivery_options
I am waiting for a reimbursement of {{Currency Symbol}}{{Refund Amount}},track_refund
can I check what hours customer service available is?,contact_customer_service
I can no longer pay for order {{Order Number}},cancel_order
help checking at what time I can contact customer support,contact_customer_service
how do I get in touch with customer support?,contact_customer_service
need assistance cancelling order {{Order Number}},cancel_order
check cancellation charges,check_cancellation_fee
have a problem with a shpiping address modification,change_shipping_address
I try to check in which cases can I ask to be reimbursed,check_refund_policy
problems with cnceling purchase {{Order Number}},cancel_order
prfoblems with cancelling order {{Order Number}},cancel_order
I want to check what hours I can reach customer support,contact_customer_service
can you help me report a problem with online payment?,payment_issue
notify of payment issue,payment_issue
i do not want purchase {{Order Number}},cancel_order
could you help me see the early termination charges?,check_cancellation_fee
i expecdt a refund of {{Refund Amount}} dollars,track_refund
how could I see the early termination penalty?,check_cancellation_fee
want help seeing what delivery options are there,delivery_options
i need help solving an error with online payments,payment_issue
how to see the restitution current status?,track_refund
want assistance cancelling purchase {{Order Number}},cancel_order
shipments to {{Delivery Country}},delivery_options
i do not know how to check what shipment options uoffer,delivery_options
what do I have to do to check the early exit fees ?,check_cancellation_fee
where can I report problems with payments?,payment_issue
I need help to check the cancellation charge,check_cancellation_fee
"the damn shipping address has changed, can I correct it?",change_shipping_address
"I have got to see the methods for shipment, how do I do it?",delivery_options
help to contact damn customer support,contact_customer_service
I don't know how I can modify the address,change_shipping_address
can ya help me cancel purchase {{Order Number}},cancel_order
I expect a compendation of {{Currency Symbol}}{{Refund Amount}},track_refund
can you help me see the withdrawal penalty?,check_cancellation_fee
I am waiting for a refund of {{Currency Symbol}}{{Refund Amount}},track_refund
what is the early exit penalty,check_cancellation_fee
can i place a damn order from  {{Delivery Country}},delivery_options
can ya help me to modify the delivery address,change_shipping_address
there is an issue modifying the delivery address,change_shipping_address
where can i find information about a delivery address change,change_shipping_address
want help to see in what situations can i ask to be refunded,check_refund_policy
anybody available in customer support,contact_customer_service
i try to check the cancellation fee,check_cancellation_fee
i expect a compensation of {{Currency Symbol}}{{Refund Amount}},track_refund
I do not know how I can change my delivery address,change_shipping_address
how to see what shipment options I can choose?,delivery_options
help me seeing in what cases can I ask for refunds,check_refund_policy
"I need to see what shipment options are available, help me",delivery_options
i try to see whay hours i can reach customer support,contact_customer_service
do you deliver to {{Delivery Country}}?,delivery_options
I can't check if there are any news on my restitution,track_refund
help to check in which cases can I ask for reimbursements,check_refund_policy
help me seeing if there are any updates on my compensation,track_refund
I have to inform of issues with payments,payment_issue
help seeing what delivery options you offer,delivery_options
can utell me more about updating my addfess,change_shipping_address
"I want to check the termination penalty, help me",check_cancellation_fee
can ya help me cancel purchzse {{Order Number}},cancel_order
I do not know how to cancel purchase {{Order Number}},cancel_order
"I have to check the termination fee, how can I do it?",check_cancellation_fee
check in which cases can I ask for a refund,check_refund_policy
nee to check ur goddamn reimbursement policy help me,check_refund_policy
help to see your fucking money back policy,check_refund_policy
i do not know how to cancel order {{Order Number}},cancel_order
want assistance to notify of a payment problem,payment_issue
i dont know how to report issues with online payments,payment_issue
I want assistance canceling purchase {{Order Number}},cancel_order
i have issuws modifying my shipping address,change_shipping_address
i have got to inform of issues with payments,payment_issue
I want help talking with customer assistance,contact_customer_service
how can I check if there are any updates on the restitution?,track_refund
could ya help me check the compensation current status,track_refund
can i check in which cases can i ask for refunds,check_refund_policy
"I have to contact customer assistance, can I get some help?",contact_customer_service
I have troubles editing the address,change_shipping_address
cancelling order,cancel_order
wanna see the current status of my restitution,track_refund
i cant make a payment where do i inform of a problem,payment_issue
where can i see the methods for shipping,delivery_options
do you deliver to {{Delivery Country}}?,delivery_options
could you show me what hours I can contact customer support?,contact_customer_service
"I expect a rebate of {{Currency Symbol}}{{Refund Amount}}, was it processed",track_refund
"I can't find the cancellation fees, will you help me?",check_cancellation_fee
help to cancel purchase {{Order Number}},cancel_order
help cnceling order {{Order Number}},cancel_order
"I have to see the early exit fee, I need help",check_cancellation_fee
how to see what hours I can call customer service?,contact_customer_service
"I have to cancel purchase {{Order Number}}, can I get some help?",cancel_order
will you tell me what hours I can call customer assistance?,contact_customer_service
assistance to check what delivery methods are available,delivery_options
shipnents to {{Delivery Country}},delivery_options
I can't afford order {{Order Number}},cancel_order
assistance  to report issues with payment,payment_issue
what is the customer service workinghours?,contact_customer_service
i need supports trying to modify my delivery address,change_shipping_address
i dont know how to check what methods for delivery are there,delivery_options
i expect a restitution of {{Currency Symbol}}{{Refund Amount}},track_refund
I want assistance trying to change my delivery address,change_shipping_address
how can i edit my delivery address,change_shipping_address
could you help me solving troubles with online payment ?,payment_issue
I am waiting for a compensation of  {{Currency Symbol}}{{Refund Amount}},track_refund
I'm waiting for an refund of {{Currency Symbol}}{{Refund Amount}},track_refund
errors with online payments,payment_issue
"I have to check the restitution status, how can I do it?",track_refund
I'm trying to cancel order {{Order Number}},cancel_order
want assistance to check the withdrawal penalty,check_cancellation_fee
"I need to see the delivery methods, how to do it?",delivery_options
wanna know more about updating my delivery address,change_shipping_address
i expect an rebate of {{Refund Amount}} dollars,track_refund
do ya deliver to {{Delivery City}},delivery_options
I have a trouble changing my delivery address,change_shipping_address
want help to contact customer service,contact_customer_service
can ya help me speak wih customer assistance,contact_customer_service
I cannot check my compensation current status,track_refund
help me to see the early exit fee,check_cancellation_fee
where to cancel purchase {{Order Number}}?,cancel_order
want help seeing at what time I can reach customer servie,contact_customer_service
"I need to see your goddamn refund policy, how do I do it?",check_refund_policy
i do not know what to do to see what shipping options i have,delivery_options
i wajt help modifying the shipping address,change_shipping_address
where do i see if there is anything new on my compensation,track_refund
I try to check in what situations can I request a refund,check_refund_policy
I don't know how I can speak with customer support,contact_customer_service
informing of troubles with payment,payment_issue
I need information about a delivery address update,change_shipping_address
tell me at what time I can reach customer support,contact_customer_service
I have got to cancel purchase {{Order Number}},cancel_order
can you help me see the compensation status?,track_refund
want help talking with customer support,contact_customer_service
i want help checking the early exit penalty,check_cancellation_fee
i xepect a refund of {{Currency Symbol}}{{Refund Amount}},track_refund
I do not know what to do to notify of problems with payment,payment_issue
i need help canceling order {{Order Number}},cancel_order
"I can't pay, notify of a trouble with online payment",payment_issue
I do not know how to talk to damn customer support,contact_customer_service
"I have to see the early exit charge, how do I do it?",check_cancellation_fee
i expect a compensation of {{Currency Symbol}}{{Refund Amount}},track_refund
I can't find the early termination fee,check_cancellation_fee
do you edliver to {{Delivery Country}}?,delivery_options
need to check the withdrawal charge,check_cancellation_fee
I need assistance to change the delivery address,change_shipping_address
i want assistance to report issues with payments,payment_issue
I am waiting for an restitution of {{Refund Amount}} dollars,track_refund
I don't know how I can talk with customer support,contact_customer_service
canceling purechase {{Order Number}},cancel_order
"I need to talk to customer support, how can I do it?",contact_customer_service
is it possible to place a damn order from {{Delivery Country}}?,delivery_options
what do i need to do to cancel order {{Order Number}},cancel_order
I want to see at what time customer service available is,contact_customer_service
I want assistance checking the early exit fee,check_cancellation_fee
need to check the rebate curent status how to do it,track_refund
see in what situations can I ask for a refund,check_refund_policy
I want help to cancel purchase {{Order Number}},cancel_order
I do not know how to see your money back guarantee,check_refund_policy
can i order frrom {{Delivery Country}},delivery_options
help me to check the withdrawal charges,check_cancellation_fee
how do i see at what time customer support availabl is,contact_customer_service
need to report an issue with paymentr,payment_issue
need assistance canceling order {{Order Number}},cancel_order
wanna see ur money back plicy,check_refund_policy
i have errors changing mydelivery address,change_shipping_address
how to see the early exit charge?,check_cancellation_fee
check options for delivery,delivery_options
I cannot afford purchase {{Order Number}},cancel_order
what do I have to do to talk with customer support?,contact_customer_service
wat support trying to update my address,change_shipping_address
how to check whatg hours I can reach customer support?,contact_customer_service
can I order from {{Delivery City}}?,delivery_options
can i place an order from {{Delivery Country}},delivery_options
where to see what shipment options I have?,delivery_options
I don't know how I can contact customer assistance,contact_customer_service
how can i check the current status of my restitution,track_refund
can ya show me at what time customer service available is,contact_customer_service
"I don't want this product, cancel purchase {{Order Number}}",cancel_order
i need help seeing what shipping methods i can choose,delivery_options
how could i notify of an error with online payment,payment_issue
I don't know how to get in touch with customer assistance,contact_customer_service
help me checking if there are any updates on my restitution,track_refund
find information about editing the delivery address,change_shipping_address
i obught some item help me canceling order {{Order Number}},cancel_order
where to see the early termination fees?,check_cancellation_fee
i cant make a payment where can i notify of an error,payment_issue
ohw to cancel order {{Order Number}},cancel_order
is it possible to place an order from {{Delivery Country}},delivery_options
how can i inform of a payment problem,payment_issue
could you help me check what delivery methods you offer?,delivery_options
what do I have to do to cancel order {{Order Number}}?,cancel_order
want help seeing how long refunds take,check_refund_policy
needassistance cancelling purchase {{Order Number}},cancel_order
i want supports changing my address,change_shipping_address
help me seeing what hours I can call customer support,contact_customer_service
there are problems changing the address,change_shipping_address
there are issues trying to edit my delivery address,change_shipping_address
"I need to check my reimbursement status, will you help me?",track_refund
check in which situations can I request my money back,check_refund_policy
can I contactcustomer assistance?,contact_customer_service
want assistance updating the address,change_shipping_address
"I cannot pay, help to inform of problems with payment",payment_issue
I have troubles trying to update my address,change_shipping_address
assistance to check the cancellation fees,check_cancellation_fee
how can I check what shipment options I have?,delivery_options
help notifying of a fucking error with online payments,payment_issue
where do I change my shipping address?,change_shipping_address
how can i see the early termination penalties,check_cancellation_fee
cn I place an order from {{Delivery City}}?,delivery_options
help checking if there are any news on my compensation,track_refund
I try to see the shipment methods,delivery_options
"my delivery address changed, can you help me editing it?",change_shipping_address
could I check in which cases can I ask for my money back?,check_refund_policy
help me to see your goddamn refund policy,check_refund_policy
I cannot find the termination penalties,check_cancellation_fee
how do I check the methods for shipping?,delivery_options
is it possible to order from {{Delivery Country}},delivery_options
I want to check in what cases can I request to be reimbursed,check_refund_policy
do ya deliver to {{Delivery City}},delivery_options
I don't know what to do to cancel order {{Order Number}},cancel_order
I need help to see the early exit penalties,check_cancellation_fee
can you help me change my shipping address ?,change_shipping_address
is it possible to order from {{Delivery City}} ?,delivery_options
wanna correct the acdress can uhelp me,change_shipping_address
need to check what shipment options i can choose help me,delivery_options
I'm trying to cancel purchase {{Order Number}},cancel_order
track refund,track_refund
need to see the shipment options help me,delivery_options
tell me what hours I can get in touch with customer service,contact_customer_service
help me to talk to customer suport,contact_customer_service
information about a delivery address change,change_shipping_address
I can no longer pay for purchase {{Order Number}},cancel_order
need assistance seeing what delivery options are there,delivery_options
I need help cancelling purchase {{Order Number}},cancel_order
I need assistance canceling order {{Order Number}},cancel_order
I am waiting for a reimbursement of {{Refund Amount}} dollras,track_refund
I need help to see your refund policy,check_refund_policy
help to see at what time i  can reach customer assistance,contact_customer_service
i can no longer afford purchase {{Order Number}},cancel_order
help me to  report issues with payment,payment_issue
i have problems with canceling order {{Order Number}},cancel_order
I need to update the address,change_shipping_address
i want help to talk to customer assistance,contact_customer_service
tell me at what time customer service available is,contact_customer_service
I have to check in what cases can I request a refund,check_refund_policy
i try to see the early exit penalty,check_cancellation_fee
i need help seeing the cancellation charges,check_cancellation_fee
help me seeing how long reimbuursements take,check_refund_policy
need help informing of a problem with online payments,payment_issue
help checking the termmination fees,check_cancellation_fee
where to see if there are any updates on my compensation,track_refund
I have problems correcting my address,change_shipping_address
I want help notifying of troubles with payments,payment_issue
is it possible to check what delivery options are there?,delivery_options
I need ehlp seeing the termination fees,check_cancellation_fee
i have got to ceck ur money back guarantee i need help,check_refund_policy
i dont know how i can cancel purchase {{Order Number}},cancel_order
question about canceling a bloody purchase,cancel_order
how do I see the status of the reimbursement?,track_refund
I have to correct my delivery address,change_shipping_address
what do i need to do to get in touch with customer support,contact_customer_service
help me to check in which cases can I ask for refunds,check_refund_policy
i have got to notify of issues with online payment,payment_issue
how do I check the methods for delivery?,delivery_options
could you help me to speak to customer support?,contact_customer_service
help seeing the termination fee,check_cancellation_fee
I need assistance to inform of a payment issue,payment_issue
where do I know if there is anything wrong with my rebate?,track_refund
can you show me what hours I can reach customer assistance?,contact_customer_service
I need help seeing your reimbursement policy,check_refund_policy
I have problems with canceling purchase {{Order Number}},cancel_order
I'm trying to check what hours i can reach customer suport,contact_customer_service
I want help to see the delivery options,delivery_options
I'm trying to report issues with online payment,payment_issue
need help informing of errors with online payment,payment_issue
I need assistance canceling purchase {{Order Number}},cancel_order
help to check in which cases can I ask to be refunded,check_refund_policy
I am trying to check what hours I can call customer support,contact_customer_service
want assistance to see how long reimbirsements take,check_refund_policy
I need assistance seeing your goddamn money back guarantee,check_refund_policy
can ya help me to see my compensation current status,track_refund
I cannot find the early termination charges,check_cancellation_fee
"I have to check the termination fees, help me",check_cancellation_fee
in which situations can I request the damn refunds?,check_refund_policy
can you help me see what delivery options I have?,delivery_options
talk to customer assistance,contact_customer_service
can uhelp me see what hours i can contact customer service,contact_customer_service
where can i check the cancellation penalty,check_cancellation_fee
want assistance to cancel pyrchase {{Order Number}},cancel_order
notify of trouble with payment,payment_issue
do you deliver to {{Delivery City}}?,delivery_options
I want help to see in what situations can I ask for refunds,check_refund_policy
where can i see what delivery methods i can choose,delivery_options
i dont know how to inform of a payment error,payment_issue
where can i check what hours i can contact customer service,contact_customer_service
payment issue,payment_issue
"I have to talk to customer support, can I get some help?",contact_customer_service
is it possbile to see the withdrawal fees?,check_cancellation_fee
help me see what hours I can call customer support,contact_customer_service
I need help informing of an issue with payment,payment_issue
where to see at what time customer assistance available is?,contact_customer_service
"I bought some articles, how to cancel order {{Order Number}}?",cancel_order
can i place an order from {{Delivery Country}},delivery_options
i do not know what to do to speak to customer service,contact_customer_service
assistance to check the reimbursement status,track_refund
I expect an compensation of {{Refund Amount}} dollars,track_refund
I can no longer pay for order {{Order Number}},cancel_order
can you help me see what options for delivery I have?,delivery_options
want help to inform of errors with payments,payment_issue
I want help cancellkng purchase {{Order Number}},cancel_order
can you help me notifying of a trouble with online payments?,payment_issue
could you give me information about the shipment methods?,delivery_options
i want assisgance cancelling order {{Order Number}},cancel_order
assistance to notify of an error with online payment,payment_issue
I'm trying to get in touch with bloody customer service,contact_customer_service
"I ordered some items, need help cancelling the last purchase",cancel_order
want assistance to see the shipping options,delivery_options
I am trying to cancel purchase {{Order Number}},cancel_order
I'm calling to check the shipping options,delivery_options
"I expect a refund of {{Refund Amount}} dollars, has it been processed?",track_refund
need help solving an error wity online payments,payment_issue
how do I cancel purchase {{Order Number}}?,cancel_order
are the charges of ur services reimbursable,check_refund_policy
can you help me seeing the withdrawal penalty?,check_cancellation_fee
"I want to check the termination charge, help me",check_cancellation_fee
can i order from {{Delivery Country}},delivery_options
I have an error updating my fucking shipping address,change_shipping_address
can you help me check the rebate current status?,track_refund
I want help cancelling purchase {{Order Number}},cancel_order
where can I see the status of the restitution?,track_refund
question about cancellung purchase {{Order Number}},cancel_order
i expect a restitution of {{Currency Symbol}}{{Refund Amount}},track_refund
what do i have to do to see the cancellation penalty,check_cancellation_fee
help me contacting customer assistance,contact_customer_service
is it possible to order from {{Delivery City}}?,delivery_options
can you show me in what situations can I ask for refunds?,check_refund_policy
want assistance seeing the withdrawal charge,check_cancellation_fee
show me the cancellation penalty,check_cancellation_fee
"I can't find the early termination penalties, help me",check_cancellation_fee
how can I see what hours I cn contact customer support?,contact_customer_service
assistance trying to modify the address,change_shipping_address
do you deliver to {{Delivery City}}?,delivery_options
I am waiting for an restitution of {{Refund Amount}} dollars,track_refund
I don't know what to do to check the early exit fee,check_cancellation_fee
canceling purchase {{Order Number}},cancel_order
helpme check your refund policy,check_refund_policy
could you help me canceling purchase {{Order Number}}?,cancel_order
i dont know how to inform of paymentissues,payment_issue
can I check what delivery methods I can choose?,delivery_options
assistance checking the goddamn termination penalties,check_cancellation_fee
can you help me check what options for delivery you offer?,delivery_options
I'm waiting for a reimbursement of {{Refund Amount}} dollars,track_refund
ya have a free of charge phone no to call customer service,contact_customer_service
i cant make payments help to report issues with payments,payment_issue
I need help seeing in which cases can I ask to be reimbursed,check_refund_policy
can you tell me more about modifying my shipping address?,change_shipping_address
I can't afford purchase {{Order Number}},cancel_order
assistance to see at what time I can reach customer support,contact_customer_service
need assistance with canceling order {{Order Number}},cancel_order
do ya ship toHungary,delivery_options
need to know if there is anything new on the restitution,track_refund
help me seeing how long refunds take,check_refund_policy
want help trying to edit my addres,change_shipping_address
"I have got to check my reimbursement status, help me",track_refund
how do I see what hours I can contact customer service?,contact_customer_service
where do i inform of errors with payment,payment_issue
I am trying to get in touch with customer service,contact_customer_service
can you help me speak to customer assistance?,contact_customer_service
I need assistance editing the address,change_shipping_address
"I am waiting for a refund of {{Currency Symbol}}{{Refund Amount}}, has it been porocessed?",track_refund
i cannot find anything about the early termination charges,check_cancellation_fee
I have troubles modifying my address,change_shipping_address
"the payment failed, I want to notify of issues",payment_issue
I need help speaking with customer support,contact_customer_service
help me to see what shipping options are available,delivery_options
I need to talk with customer assistance,contact_customer_service
I have to see in which cases can I request a reimbursement,check_refund_policy
I'm trying to see the early termination charge,check_cancellation_fee
I would like to cancel purchase {{Order Number}},cancel_order
problems with cancelling order {{Order Number}},cancel_order
i expect a compensation of {{Currency Symbol}}{{Refund Amount}} was it processed,track_refund
there are troubles editing my address,change_shipping_address
I have got to inform of an issue with online payments,payment_issue
where do i check the early termination charge,check_cancellation_fee
help me to inform of an issue with online payment,payment_issue
can I see the early termination fee?,check_cancellation_fee
I need assistance to check the status of my restitution,track_refund
i dont want order {{Order Number}},cancel_order
i did not get a payment confirmation could i report errors,payment_issue
is it possible to cancel purchase {{Order Number}}?,cancel_order
"I would like to talk with customer service, how to do it?",contact_customer_service
can you help me see what shipping options I have?,delivery_options
help me to inform of troubles with online payments,payment_issue
i have an trouble editing the address,change_shipping_address
shipments to {{Delivery City}},delivery_options
I can't find the early terminatuon penalty,check_cancellation_fee
I have to notify of a payment error,payment_issue
there is any updates on my rebate,track_refund
i need assistance to check the early terminaion charge,check_cancellation_fee
"I need to speak to customer support, can you help me?",contact_customer_service
cancellation penalty,check_cancellation_fee
what do I need to do to check the shipment options?,delivery_options
help me to cancel purchase {{Order Number}},cancel_order
I try to see in what cases can I ask for reimbursements,check_refund_policy
where do I check what hours I can call customer assistance?,contact_customer_service
I can't find anything about the cancellation charge,check_cancellation_fee
I want help to see the termination charges,check_cancellation_fee
help seeing in what situations can I request reimbursements,check_refund_policy
help seeing at what time i can contact customer assistance,contact_customer_service
how to see if there is anything new on my compensation,track_refund
can ya tell me about an address correction,change_shipping_address
I have to see in what situations can I ask to be reimbursed,check_refund_policy
help me notify of a payment issue,payment_issue
i expect a compensation of {{Refund Amount}} dollars,track_refund
want assistance checking my refund current status,track_refund
want assistance canceling purchase {{Order Number}},cancel_order
assistance speaking with customer support,contact_customer_service
"my address has changed, could you help me changing it?",change_shipping_address
deliverids to {{Delivery Country}},delivery_options
how can I see the early exit penalies?,check_cancellation_fee
i cannot check if there is anything new on the rebate,track_refund
i dont know what to do to track my rebate,track_refund
can I see at what time I can contact customer support?,contact_customer_service
help me to check in which cases can I request refunds,check_refund_policy
help to see in which cases can I ask for refunds,check_refund_policy
can you help me see my compensation status?,track_refund
I can't afford order {{Order Number}},cancel_order
i expect a refund of {{Refund Amount}} dollars,track_refund
I am waiting for a compensation of  {{Currency Symbol}}{{Refund Amount}},track_refund
help changing my delivery address,change_shipping_address
i expect a restitution of {{Currency Symbol}}{{Refund Amount}},track_refund
where to check at what time I can reach customer support?,contact_customer_service
check in what situations can I request a fucking refund,check_refund_policy
want help seeing what shipping methods uoffer,delivery_options
I expect an rebate of {{Refund Amount}} dollars,track_refund
I need assistance checking the methods for shipment,delivery_options
"the address changed, could I update it?",change_shipping_address
want assistance to check ur money back policy,check_refund_policy
"my address has changed, I want to edit it",change_shipping_address
what do i have to do to report an error with online payments,payment_issue
how do I see what shipping methods I can choose?,delivery_options
there are troubles trying to modify my dfelivery address,change_shipping_address
I need to check if there are any news on my compensation,track_refund
do you deliver to {{Delivery Country}}?,delivery_options
"I have to see my refund current status, will you help me?",track_refund
I'm waiting for a reimbursement of {{Currency Symbol}}{{Refund Amount}},track_refund
I don't know what to do to check your fucking refund policy,check_refund_policy
i do not know how to cancel order {{Order Number}},cancel_order
what do I need to do to talk to customer support?,contact_customer_service
I need help trying to update the shipping address,change_shipping_address
how do i check the early exit charge,check_cancellation_fee
can you help me see how long refunds take?,check_refund_policy
"I have got to cancel purchase {{Order Number}}, help me",cancel_order
could ya help me solving an error with payments,payment_issue
I want to know about correcting the address,change_shipping_address
i do not knwo how to cancel order {{Order Number}},cancel_order
I'm trying to see in which cases can i request refunds,check_refund_policy
how to track the reimbursement?,track_refund
i need assistance with canceling order {{Order Number}},cancel_order
check the early termination penalties,check_cancellation_fee
I don't know how I can check what shipping options you offer,delivery_options
I do not know what I need to do to contact customer service,contact_customer_service
"I have to see the methods for shipment, I need assistance",delivery_options
i need help seeing ur reimbursement policy,check_refund_policy
see in what situations can I ask to be refunded,check_refund_policy
where can I check what hourw I can call customer support?,contact_customer_service
need assistance trying to modify my delivery address,change_shipping_address
"I expect a compensation of {{Refund Amount}} dollars, was it processed",track_refund
check the current status of my compensation,track_refund
i dont know how to inform of a trouble with payment,payment_issue
"I expect a restitution of {{Currency Symbol}}{{Refund Amount}}, was it processed",track_refund
"I cannot make a transfer, how to notify of a payment issue?",payment_issue
where can I find information about changing my address?,change_shipping_address
I don't know how to check the cancellation penalty,check_cancellation_fee
I want assistance checking the early termination penalty,check_cancellation_fee
help to notify of an issue with payments,payment_issue
need help seeing in what cases can i ask for reimbursements,check_refund_policy
help to see in what cases can I request to be reimbursed,check_refund_policy
would it be possible to inform of a bloody payment error?,payment_issue
i need assistance canceling order {{Order Number}},cancel_order
want assistance to notify of an issue with payment,payment_issue
want help notifying of troubles with online payments,payment_issue
want assistance seeing in what cases can I request a refund,check_refund_policy
can i check at what time i can reach customer support,contact_customer_service
problem modifying delivery address,change_shipping_address
tell me about modifying  my address,change_shipping_address
help to see the early exit fee,check_cancellation_fee
where do i check what hours i can contact customer support,contact_customer_service
i have problems with  cancelling purchase {{Order Number}},cancel_order
i have aa trouble editing my delivery address,change_shipping_address
what do I need to do to speak to customer service?,contact_customer_service
help me check in which cases can I request a refund,check_refund_policy
is it possible to check if there are any news on my rebate?,track_refund
I can no longer pay for order {{Order Number}},cancel_order
want assistance cancelling order {{Order Number}},cancel_order
help seeing your refund policy,check_refund_policy
help to pseak to customer support,contact_customer_service
i want help checking in which cases can i ask for a refund,check_refund_policy
check at what time customer support available is,contact_customer_service
help with a shipping address modification,change_shipping_address
can you help me check your goddamn reimbursement policy?,check_refund_policy
I try to cancel purchase {{Order Number}},cancel_order
I am trying to cancel purchase {{Order Number}},cancel_order
I would like to track the restitution,track_refund
shipping to {{Delivery City}},delivery_options
can i sde the termination fee,check_cancellation_fee
I am waiting for a reimburswment of {{Currency Symbol}}{{Refund Amount}},track_refund
assistance checking the withdrawal penalty,check_cancellation_fee
od ya deliver to {{Delivery Country}},delivery_options
I have to see the withdrawal efe,check_cancellation_fee
assistance checking what hours i can reach customer sdupport,contact_customer_service
"I want to check what delivery options I have, how to do it?",delivery_options
want help to report a problem with payments,payment_issue
I have problems with the shipment methods,delivery_options
can i place an order from {{Delivery Country}},delivery_options
I don't know how to inform of issues with online payment,payment_issue
assistance to see what hours i can call customer service,contact_customer_service
I do not know what to do to notify of payment problems,payment_issue
can you help me to correct  the shipping address?,change_shipping_address
I want to update my address,change_shipping_address
"I need to notify of issues with online payments, help me",payment_issue
where could I see if there is anything new on my refund?,track_refund
"I am looking for the delivery methods, I need assistance",delivery_options
do ya ship toFinland,delivery_options
wanna contact customer assistance,contact_customer_service
do ya have an e-mail to contact customer support,contact_customer_service
I want to know if there is anything wrong with my refund,track_refund
i dont know how i can cancel order {{Order Number}},cancel_order
i do not know what to do to inform of problems with payments,payment_issue
I don't know what I need to do to see the shipping methods,delivery_options
can I talk with customer service?,contact_customer_service
can I order from {{Delivery Country}}?,delivery_options
i want help to see at what time i can reach customer service,contact_customer_service
there are troubles modifying my address,change_shipping_address
want assistance to cancel order {{Order Number}},cancel_order
I have a problem with canceling purchase {{Order Number}},cancel_order
I have got to cancel purchase {{Order Number}},cancel_order
could you help me notify of payment problems?,payment_issue
i want supports trying to update the shipping address,change_shipping_address
withdrawal penalties,check_cancellation_fee
can I place an order from {{Delivery Country}}?,delivery_options
I do not know how I can see the withdrawal fee,check_cancellation_fee
I want help notifying of problems with online payment,payment_issue
"I have entered a wrong address, I need help modifying it",change_shipping_address
help me solve troubles with payments,payment_issue
do you ship  to {{Delivery Country}}?,delivery_options
assistance to see the status of the rebate,track_refund
can uhelp me to see te early exit charges,check_cancellation_fee
"I submitted a wrong address by mistake, could I update it?",change_shipping_address
how to see what options for delivery you offer?,delivery_options
I cannot see your reimbursement policy,check_refund_policy
can I see at what time customer service available is?,contact_customer_service
where could I get information about updating my address?,change_shipping_address
where to know if there are any news on my compensation?,track_refund
is it possible toorder from {{Delivery City}},delivery_options
I have to see in what situations can I request refunds,check_refund_policy
I try to see if there are any news on the reimbursement,track_refund
I have issues modifying the delivery address,change_shipping_address
I am waiting for a compensation of {{Currency Symbol}}{{Refund Amount}},track_refund
I want help to cancel purchase {{Order Number}},cancel_order
II need to see your reimbursement policy,check_refund_policy
i can no longer arford purchase {{Order Number}},cancel_order
I would like to know about changing my delivery address,change_shipping_address
need help contacting customer service,contact_customer_service
check whatr hours I can call customer support,contact_customer_service
help me to cancel purchase {{Order Number}},cancel_order
i have problems editing my address,change_shipping_address
i want assistance to inform of problwms with payment,payment_issue
I don't know how I can inform of issues with payments,payment_issue
i try to correct the address,change_shipping_address
check withdrawal charge,check_cancellation_fee
I have to check the cancellation charge,check_cancellation_fee
help trying to modify the damn address,change_shipping_address
can you help me cancelling purchase {{Order Number}}?,cancel_order
I'm waiting for a compensation of {{Refund Amount}} dollars,track_refund
where do I see what options for delivery you offer?,delivery_options
is it possible to check the termination charge?,check_cancellation_fee
I need help notifying of payment problems,payment_issue
what do I need to do to cancel purchase {{Order Number}}?,cancel_order
canceling order {{Order Number}},cancel_order
how could icancel purchase {{Order Number}},cancel_order
i want assistance solving a problem with online payments,payment_issue
i need assistance to cancel purchase {{Order Number}},cancel_order
I'm waitng for a reimbursement of {{Currency Symbol}}{{Refund Amount}} has it been processed,track_refund
I'm waiting for an goddamn restitution of {{Refund Amount}} dollars,track_refund
what is the customer service mail,contact_customer_service
how to see the early termination charges?,check_cancellation_fee
i have problems with canceling order {{Order Number}},cancel_order
deliveries to {{Delivery City}},delivery_options
have problems with canceling purchase {{Order Number}},cancel_order
help speaking with customer support,contact_customer_service
can I contact customer assistance?,contact_customer_service
I do not know how to call customer service,contact_customer_service
help checking if there is anything new on the bloody rebate,track_refund
I'm waiting for a restitution of {{Refund Amount}} dollras,track_refund
see the status of the reimbursement,track_refund
"I bought some item, cancel order {{Order Number}}",cancel_order
I want assistance seeing the withdrawal fee,check_cancellation_fee
check in what situations can I request a reimbursement,check_refund_policy
assistance to see the termination charge,check_cancellation_fee
is it possible to order from {{Delivery Country}}?,delivery_options
could you help me see what methods for delivery are there?,delivery_options
help me cancelling purchase {{Order Number}},cancel_order
I am waiting for a reimbursement of {{Refund Amount}} dollars,track_refund
need assistance to speak to customer servkce,contact_customer_service
I try to see in what cases can I request a refund,check_refund_policy
i wan help to cancel purchase {{Order Number}},cancel_order
know if there is anything new on my rebate,track_refund
I do not know how I can get in touch with customer service,contact_customer_service
I want to know about a bloody shipping address modification,change_shipping_address
how can I check what hours I can contact customer service?,contact_customer_service
i have problems with cancelling purchase {{Order Number}},cancel_order
would it be possible to cancel purchase {{Order Number}}?,cancel_order
check refund status,track_refund
"I have to speak with customer support, can you help me?",contact_customer_service
i do not know what to do to track my compensation,track_refund
there are problems trying to update my address,change_shipping_address
can you help me check what shipment methods are there?,delivery_options
I want help to notify of errors with payments,payment_issue
how do I see your money back policy?,check_refund_policy
are there early termination penalties,check_cancellation_fee
I am looking for information about correcting my address,change_shipping_address
I cannot find the withdrawal penalty,check_cancellation_fee
i cant track my reimbursement,track_refund
i dont know how i could inform of an payment error,payment_issue
I need assistance trying to modify my delivery address,change_shipping_address
i need help to solve problems with online payment,payment_issue
want assistance seeing your money back policy,check_refund_policy
how could I see the shipment options?,delivery_options
"I have submitted a wrong address, help me editing it",change_shipping_address
"I need to talk with customer support, could I get some help?",contact_customer_service
I want to see my compensation current status,track_refund
i expect a reimbursement of {{Currency Symbol}}{{Refund Amount}},track_refund
is it possible to get in touch with customer support?,contact_customer_service
my delivery address has changed correct it,change_shipping_address
I want assistance to report problems with online payments,payment_issue
I need informarion about editing my delivery address,change_shipping_address
I am tring to see the early exit penalty,check_cancellation_fee
I need help to see in which situations can I request refunds,check_refund_policy
I don't know what I need to do to check the shipment options,delivery_options
i need help cancelling purchase {{Order Number}},cancel_order
I have got to report a trouble with online payment,payment_issue
help correcting my address,change_shipping_address
I do not know how I can track my rebate,track_refund
can uhelp me seeing the withdrawal charge,check_cancellation_fee
can you help me solve errors with payments?,payment_issue
do you deliver to {{Delivery City}} ?,delivery_options
I am waiting for an restitution of {{Refund Amount}} dollars,track_refund
I need help to see at what time I can reach customer service,contact_customer_service
I have got to check what methods for delivery you offer,delivery_options
help seeing in what cases can i request refunds,check_refund_policy
I don't know what to do to call customer service,contact_customer_service
i exepct a restitution of {{Currency Symbol}}{{Refund Amount}},track_refund
shipping to {{Delivery Country}},delivery_options
I am waiting for an restitution of {{Currency Symbol}}{{Refund Amount}},track_refund
"I have got to call customer support, how could I do it?",contact_customer_service
i have to check in what cases can i ask for refunds,check_refund_policy
I don't know how I can check your refund policy,check_refund_policy
check at what time I can call customer service,contact_customer_service
I want help to edit the address,change_shipping_address
I am waiting for an refund of {{Currency Symbol}}{{Refund Amount}},track_refund
help seeing the early termination fees,check_cancellation_fee
wanna call cystomer assistance,contact_customer_service
can uhelp me cancelling order {{Order Number}},cancel_order
know if there is anything new on my restitution,track_refund
"I have to see the withdrawal penalties, help me",check_cancellation_fee
information about correcting the damn shipping address,change_shipping_address
is it possible to edit the bloody deliveryaddress,change_shipping_address
I am trying to check the options for shipping,delivery_options
need help checking in what cases can i request a refund,check_refund_policy
how to check ur refund policy,check_refund_policy
i exepct a restitution of {{Currency Symbol}}{{Refund Amount}},track_refund
help regarding payments,payment_issue
need to see in what cases can i request to be reimbursed,check_refund_policy
help me see in what situations can I request refunds,check_refund_policy
I need help talking to customer service,contact_customer_service
help deiting the address,change_shipping_address
I'm looking for the shipment methods help me find them,delivery_options
help to check what methods for delivery i have,delivery_options
ened support trying to change my address,change_shipping_address
I don't know how to update my delivery address,change_shipping_address
i have got to get in touch with customerservice,contact_customer_service
how much will ya charge me if i cancel the contract,check_cancellation_fee
where to check the restitution status?,track_refund
I want supports changing my sxhipping address,change_shipping_address
I want assistance to see the cancellation penalties,check_cancellation_fee
"I have to see the cancellation charges, help me",check_cancellation_fee
could ya help me cancel order {{Order Number}},cancel_order
I'm trying to report troubles with online  payment,payment_issue
waht assistance changing the address,change_shipping_address
"I purchased some product, cancel order {{Order Number}}",cancel_order
can i order from {{Delivery Country}},delivery_options
show me at what time I can contact customer support,contact_customer_service
"I would like to check the fucking delivery methods, help me",delivery_options
can you help me checking your reimbursement policy?,check_refund_policy
I have got to check what delivery methods are there,delivery_options
assistance to talk to customer support,contact_customer_service
I want help correcting my shipping address,change_shipping_address
I want assistance correcting the delivery address,change_shipping_address
"I need to speak to customer support, can I get some help?",contact_customer_service
"I cannot pay, help reporting goddamn problems with payments",payment_issue
I want to see at what time I can contact customer assistance,contact_customer_service
i neee help solving problems with payments,payment_issue
how much would ucharge me for breaking the contract,check_cancellation_fee
I can no longer pay for order {{Order Number}},cancel_order
"I need to check the options for shipping, how do I do it?",delivery_options
I am trying to see your reimbursement policy,check_refund_policy
problems with canceling purchase {{Order Number}},cancel_order
I am waiting for a rebate of {{Currency Symbol}}{{Refund Amount}},track_refund
I have problems changing my  address,change_shipping_address
I want assistance seeing the cancellation charge,check_cancellation_fee
reporting issues with payments,payment_issue
would it be possible to speak with customer support?,contact_customer_service
I can't see if there are any updates on my compensation,track_refund
"I have to inform of errors with payment, I need assistance",payment_issue
I am calling to see what delivery options you offer,delivery_options
i need assistance cancelling uprchase {{Order Number}},cancel_order
I expect a compensation of {{Currency Symbol}}{{Refund Amount}},track_refund
see the early exit fees,check_cancellation_fee
need help canceling purchase {{Order Number}},cancel_order
I'm waiting for a rebateof {{Currency Symbol}}{{Refund Amount}},track_refund
I exxpect a rebate of {{Currency Symbol}}{{Refund Amount}},track_refund
I have troubles updating my delivery address,change_shipping_address
I want to see under what circumstances can I ask for refunds,check_refund_policy
show me in which cases can I request my money back,check_refund_policy
i want assistance to notify of a issue with payments,payment_issue
do you deliver to {{Delivery Country}}?,delivery_options
i want assistance reporting a problem with payment,payment_issue
would ugive me information about editing my delivery address,change_shipping_address
"I can't make transfers, help to inform of a payment issue",payment_issue
I would like to check if there are any news on the refund,track_refund
help me see in which situations cani ask to be refunded,check_refund_policy
"I would like to see my compensation status, how do I do it?",track_refund
is it possible to speak to goddamn customer service?,contact_customer_service
can you tell me more about correcting my shipping address?,change_shipping_address
what do I have to do to report problems with payment?,payment_issue
want help to  notify of a fucking error with payments,payment_issue
what do I need to do to call customer support?,contact_customer_service
iw it possible to get in touch with customer support,contact_customer_service
I want help to check the bloody shipment methods,delivery_options
I do not know what to do to see the withdrawal fee,check_cancellation_fee
can ya help me to notify of an error with online payment,payment_issue
I need help canceling purchase {{Order Number}},cancel_order
can uhelp me check at what time i can reach customer service,contact_customer_service
information about a delivery address correction,change_shipping_address
there is an error trying to update the shipping address,change_shipping_address
need assistance canceling order {{Order Number}},cancel_order
need help to see at what time i can call customer support,contact_customer_service
what shipping methods do I have?,delivery_options
I have to see the shipment options,delivery_options
I am trying to cancel order {{Order Number}},cancel_order
I am trying to cancel order {{Order Number}},cancel_order
give me information about editing my shipping address,change_shipping_address
I am waiting for a rebate of {{Currency Symbol}}{{Refund Amount}},track_refund
where do I report an error with online payment?,payment_issue
assistance canceling purchase {{Order Number}},cancel_order
how do Ispeak with customer service?,contact_customer_service
I do not know how to cancel order {{Order Number}},cancel_order
I need to see the goddamn cancellation fee,check_cancellation_fee
i try to inform of an error with online payments,payment_issue
is it possible to place na order from {{Delivery Country}},delivery_options
can you show me in which situations can I request refunds?,check_refund_policy
wanna know more about modifying my delivery address,change_shipping_address
"I have to see your refund policy, will you help me?",check_refund_policy
can I place an order from {{Delivery City}}?,delivery_options
I want assistance to cancel purchase {{Order Number}},cancel_order
i exepct a compensation of {{Currency Symbol}}{{Refund Amount}},track_refund
where do I see at what time I can reach customer service?,contact_customer_service
I'm trying to check what options for delivery are there,delivery_options
help seeing the early termination fee,check_cancellation_fee
need to see what hours i can reach customer support,contact_customer_service
I try to notify of an error with online payment,payment_issue
i expect a rebate of {{Currency Symbol}}{{Refund Amount}},track_refund
help to see what hours I can contact customer support,contact_customer_service
i expect an rebate of {{Currency Symbol}}{{Refund Amount}},track_refund
help me to check if there are nay news on the refund,track_refund
how to see at what time i can contact customer support,contact_customer_service
need help to notify of an issue with payments,payment_issue
is it possible to check the bloody early exit fee?,check_cancellation_fee
"I want to see the termination fees, can you help me?",check_cancellation_fee
how can i get information about updating my delivery address,change_shipping_address
I wantto see the termination charge,check_cancellation_fee
where can I see what shipping methods I can choose?,delivery_options
how can I check the withdrawal charges?,check_cancellation_fee
what do I have to do to notify of a problem with payments?,payment_issue
"the shipping address has changed, can you correct it?",change_shipping_address
i want assistance seeing the early exit charges,check_cancellation_fee
"I want to talk to customer assistance, will you help me?",contact_customer_service
help me check at what time i can contact cuswtomer support,contact_customer_service
wanna speak to customer support how can i do  it,contact_customer_service
I need help to see what hours I can call customer assistance,contact_customer_service
I want help informingof troubles with online payments,payment_issue
where can i report errors with onlinepayment,payment_issue
i have an issue trying to change my shipping address,change_shipping_address
what is the fee for canceling the contract?,check_cancellation_fee
I want help to check the cancellation penalty,check_cancellation_fee
I don't know what to do to check the options for delivery,delivery_options
wanna check ur money back guarantee how can  i do it,check_refund_policy
is it possible to place an order from {{Delivery Country}},delivery_options
how can I see what fucking shipment options are available?,delivery_options
can I check in what cases can I ask for a reimbursement?,check_refund_policy
I want assistance canceling order {{Order Number}},cancel_order
help informing of an error with online payments,payment_issue
i need assistance canceling order {{Order Number}},cancel_order
I am waiting for a rebate fo {{Refund Amount}} dollars,track_refund
help with cancelling purchase {{Order Number}},cancel_order
wanna see the early termination charge,check_cancellation_fee
how to see the reimbursement current status,track_refund
i expect a compensqtion of {{Refund Amount}} dollars,track_refund
"I cannot find the withdrawal penalty, I need help",check_cancellation_fee
need help to see in which cases can I ask for my money back,check_refund_policy
how can i inform of an error with payment,payment_issue
see early termination charges,check_cancellation_fee
I want assistance speaking to customer support,contact_customer_service
"I get an error when I try to make a payment, inform of it",payment_issue
help me check in which cases can I ask to be reimbursed,check_refund_policy
can you help me seeing in what cases can I request a refund?,check_refund_policy
I do not know how I can check theearly exit penalty,check_cancellation_fee
how to check at what time I can  contact customer service?,contact_customer_service
help me to inform of an error with payment,payment_issue
"I want to report errors with payment, can I get some help?",payment_issue
I don't know how to check the bloody shipping options,delivery_options
can I see if there are any updates on my rebate?,track_refund
can I check what hours customer assistance available is?,contact_customer_service
I don't know how to see the cancellation penalties,check_cancellation_fee
how can I check the termination charge?,check_cancellation_fee
check under what circumstances can I ask for my money back,check_refund_policy
help checking the status of the refund,track_refund
"I have ordered some article, cancel purchase {{Order Number}}",cancel_order
problems with cancelling order {{Order Number}},cancel_order
is it possible to ordet from {{Delivery Country}},delivery_options
"I have to modify the shipping address, could you help me?",change_shipping_address
need help seeing what hours i can contact customer service,contact_customer_service
help me to solve problems with online payment,payment_issue
"I can no longer afford order {{Order Number}}, cancel it",cancel_order
where to check the early termination fes,check_cancellation_fee
help me seeing the termination fees,check_cancellation_fee
where do I check the cancellation penalties ?,check_cancellation_fee
is it possible toorder from {{Delivery City}},delivery_options
"I need to check the cancellation penalties, can you help me?",check_cancellation_fee
need to check how long the goddamn refunds take help me,check_refund_policy
how can i see at what time i can contact customer service,contact_customer_service
can i check what hours i can contact customer service,contact_customer_service
i need assistance to check the cancellation fee,check_cancellation_fee
help checking what hours i can reach customer support,contact_customer_service
want help to check your damn money back guarantee,check_refund_policy
need help to notify of problems with payment,payment_issue
i need assistance to solve a problem with  payments,payment_issue
i cant see if there are any updates on the refund,track_refund
is it possible to order from {{Delivery City}}?,delivery_options
i have got to  talk to customer assistance how to do it,contact_customer_service
help me check your refund policy,check_refund_policy
talk to customer service,contact_customer_service
I do not know how I can see the early exit fee,check_cancellation_fee
can i check in which situations can i request a refund,check_refund_policy
i can no longer afford purchase {{Order Number}},cancel_order
can I see under which circumstances can I ask for refunds?,check_refund_policy
is it possible to cancel purchase {{Order Number}}?,cancel_order
i cannot find the early termination fees,check_cancellation_fee
ned help to see the early termination penalties,check_cancellation_fee
I am trying to see what options for delivery are there,delivery_options
I don't know what I have to do to update my delivery address,change_shipping_address
could you give me information about an address correction?,change_shipping_address
how to check what hours I can reach customer support?,contact_customer_service
where can I get information about an address correction ?,change_shipping_address
assistance seeing the methods for shipping,delivery_options
I want to know if there are any updates on my compensation,track_refund
I do not know how I can speak to customer support,contact_customer_service
I have to see in what cases can I request a reimbursement,check_refund_policy
I can no longer afford purchase {{Order Number}},cancel_order
how could I call customer service?,contact_customer_service
have a question about cancelling order {{Order Number}},cancel_order
"I have to check the early exit fees, can you help me?",check_cancellation_fee
i have a problem with a delivery address modification,change_shipping_address
i expect a reimbursement of {{Currency Symbol}}{{Refund Amount}},track_refund
I want helpto see your refund policy,check_refund_policy
i cant find anything about the cancellation fees,check_cancellation_fee
I try to see at what time I can reach customer assistance,contact_customer_service
I have got to notify of troubles with payments,payment_issue
i have a trouble trying to update my address,change_shipping_address
I would like to check the compensation status,track_refund
I cannot see the current status of the refund,track_refund
I need help informing of payment issues,payment_issue
I want help to report a bloody error with onlien payments,payment_issue
i have a problem with cancelling order {{Order Number}},cancel_order
is it possibpe to check how long refunds take,check_refund_policy
i cant make payments how to inform of issues with payment,payment_issue
"I want to see how long refunds take, how to do it?",check_refund_policy
"I do not want this item, I try to cancel order {{Order Number}}",cancel_order
i want help modifying the address,change_shipping_address
want supports trying to modify the address,change_shipping_address
I want support trying to modify my shipping address,change_shipping_address
I want help to check if there are any news on the refund,track_refund
where  do i check the withdrawal penalties,check_cancellation_fee
want assistance seeing my compensation current status,track_refund
i have issues modifying the address,change_shipping_address
I'm waiting for a reimbjrsement of {{Currency Symbol}}{{Refund Amount}},track_refund
help canceling purchase {{Order Number}},cancel_order
is it possible to get in touch with customer assistance?,contact_customer_service
I espect a goddamn reimbursement of {{Currency Symbol}}{{Refund Amount}},track_refund
is it possible to see the early exit fees?,check_cancellation_fee
i try to report an payment error,payment_issue
what do i need to do to report troubles with online payment,payment_issue
I do not know how I  can see your money back guarantee,check_refund_policy
help seeing in what situations can i request reimbursements,check_refund_policy
can you help me cancelling order {{Order Number}}?,cancel_order
i have got to talk with customer service i need assistance,contact_customer_service
need assistance to check in what cases can I request refunds,check_refund_policy
"I want to check your regund policy, help me",check_refund_policy
"I want to see your money back policy, I need help",check_refund_policy
I try to see in which cases can I ask for reimbursements,check_refund_policy
can i order from {{Delivery City}},delivery_options
how can i see the withdrawal fees,check_cancellation_fee
I cannot check if there are any news on my rebate,track_refund
help to see what delivery options you offer,delivery_options
I cannot change the shipping address,change_shipping_address
I have got to see in which situations can I ask for a refund,check_refund_policy
"I need to know if there are any news on my rebate, help me",track_refund
help to modify my fucking shipping address,change_shipping_address
see in which situations can i request to be reimbursed,check_refund_policy
I'm calling to see the shipment methods,delivery_options
can you help me cancelling purchase {{Order Number}}?,cancel_order
help me checking the cancellation charge,check_cancellation_fee
"I need to see your money back guarantee, how do I do it?",check_refund_policy
need to check ur money back ugarantee,check_refund_policy
help me change the address,change_shipping_address
d uship to {{Delivery City}},delivery_options
can you help me reporting a payment problem?,payment_issue
wanna see ur money back poolicy how do i do it,check_refund_policy
I am looking for information about a delivery address change,change_shipping_address
can you help me seeing the options for delivery?,delivery_options
how can I speak to customer assistance?,contact_customer_service
is it possible to place a order from {{Delivery Country}}?,delivery_options
wanna see in which cases can i ask for a reimbursement,check_refund_policy
"I need to see the early termination charges, how to do it?",check_cancellation_fee
I want assistance to see in what cases can I ask for refunds,check_refund_policy
I want assistance cancelling purchase {{Order Number}},cancel_order
how can I cancel order {{Order Number}}?,cancel_order
check under what circumstaces can i request a goddamn refund,check_refund_policy
i dont know how to speak with customer service,contact_customer_service
I cannot afford purchase {{Order Number}},cancel_order
help contacting damn customer support,contact_customer_service
could I check in which cases can I ask to be reimbursed?,check_refund_policy
cancelling purchase {{Order Number}},cancel_order
I want help to check what shipping methods are available,delivery_options
I would like to check the options for shipping,delivery_options
I need to check in which situations can I ask for a refund,check_refund_policy
I can't pay for purchase {{Order Number}},cancel_order
there are troubles editing my delivery address,change_shipping_address
I'm waiting for a refund of {{Currency Symbol}}{{Refund Amount}},track_refund
I need help to se how long the bloody reimbursements take,check_refund_policy
assistance to know if there are any news on my refund,track_refund
I am waiting for an refund of {{Currency Symbol}}{{Refund Amount}},track_refund
I want help to talk to customer service,contact_customer_service
I am waiting for a compensation of {{Refund Amount}} doolars,track_refund
is it possible to cancel order {{Order Number}} ?,cancel_order
need to check how long refunds take how can i do it,check_refund_policy
need help with canceling purchase {{Order Number}},cancel_order
tell me more about correcting the delivery address,change_shipping_address
in which cases can I request refunds?,check_refund_policy
I am waiting for a reimbursement of {{Refund Amount}} dollars,track_refund
can I see the early exit penalties?,check_cancellation_fee
would it be possible to see how long reimbursements take?,check_refund_policy
i dont know what i have to do to see the shipment methods,delivery_options
is it possible to order from {{Delivery City}} ?,delivery_options
is it possible to cxancel order {{Order Number}},cancel_order
assistance to modify the bloody address,change_shipping_address
i want help informing of issues with online payment,payment_issue
I want to see in which situations can I ask for refunds,check_refund_policy
how could i check the cancellation ccharges,check_cancellation_fee
"I want to check my restitution status, I need help",track_refund
I want to check in which cases can I request reimbursements,check_refund_policy
there is anything new on the reimbursement,track_refund
I expect a reufnd of {{Currency Symbol}}{{Refund Amount}},track_refund
I want to track my restitution,track_refund
shipments to {{Delivery Country}},delivery_options
I want assistance canceling purchase {{Order Number}},cancel_order
I have a problem witrh cancelling purchase {{Order Number}},cancel_order
what do i have to do to inform of a error with payments,payment_issue
I want help to know if there are any news on the rebate,track_refund
help me cancel purchase {{Order Number}},cancel_order
delieries to {{Delivery City}},delivery_options
help me seeing the early termination penalties,check_cancellation_fee
want help correcitng my shipping address,change_shipping_address
Iexpect a restitution of {{Refund Amount}} dollars,track_refund
shipnents to {{Delivery Country}},delivery_options
assistance to check youe money back guarantee,check_refund_policy
i neee assistance to report problems with online payment,payment_issue
I can't aford order {{Order Number}},cancel_order
i dont know how i can see the restitution status,track_refund
can you help me checking the cancellation fees?,check_cancellation_fee
see at what time I can contact customer service,contact_customer_service
would it be possible to cancel purchase {{Order Number}}?,cancel_order
help me check what delivery methods I have,delivery_options
help me see under which circumstances can I ask for a refund,check_refund_policy
is it possible to modify the shipping address,change_shipping_address
"I can't make payments, need  help to report an issue",payment_issue
is it possible to order from {{Delivery Country}},delivery_options
help me see in what cases can I request to be reimbursed,check_refund_policy
can you help me correct the address?,change_shipping_address
how can I inform of a  payment issue?,payment_issue
"I no longer want order {{Order Number}}, how do I cancel it?",cancel_order
help me to check if there is anything new on the restitution,track_refund
help me to check at what tiem I can call customer assistance,contact_customer_service
how could I see if there are any updates on my refund?,track_refund
what do I need to do to contact customer assistance?,contact_customer_service
i want assistance to notify of payment errors,payment_issue
need to see in which situations can i ask for refunds,check_refund_policy
"I have to see the shipping options, could I get some help?",delivery_options
I do not know how I can cancel purchase {{Order Number}},cancel_order
I want help to check in which cases can I ask for refunds,check_refund_policy
I need help trying to change my shipping address,change_shipping_address
help notifying of issues with payments,payment_issue
delieries to {{Delivery City}},delivery_options
I try to know if there are any updates on my restitution,track_refund
I need help to updae the address,change_shipping_address
there are errors changin my delivery address,change_shipping_address
need to change my damn shipping address how could i do it,change_shipping_address
I am waiting for a refund of {{Currency Symbol}}{{Refund Amount}},track_refund
"I have got to see the shipping options, how to do it?",delivery_options
"I want to check the early exit fees, can you help me?",check_cancellation_fee
i expect a refund of {{Currency Symbol}}{{Refund Amount}},track_refund
i want assistance to solve issues with payment,payment_issue
show withdrawal penalty,check_cancellation_fee
I don't know how to check the damn termination penalty,check_cancellation_fee
shipping to {{Delivery City}},delivery_options
I need aasistance trying to update the address,change_shipping_address
I don't know how to speak with customer support,contact_customer_service
see in which situations can I ask for a reimbursement,check_refund_policy
check at what time I can call customer support,contact_customer_service
there is an issue trying to update the shipping address,change_shipping_address
"I have got to see your refund policy, I need assistance",check_refund_policy
I'm waiting for a reimbursement of 299dollars,track_refund
I do not know how to cancel purchase {{Order Number}},cancel_order
I would like to check the status of my rebate,track_refund
i want help to oslve a bloody issue with payment,payment_issue
needc help checking the withdrawal fees,check_cancellation_fee
I don't know how I can report an issue with online payment,payment_issue
assistance checking what hours I can call customer support,contact_customer_service
I want to edit the shipping address,change_shipping_address
have a question abut canceling purchase {{Order Number}},cancel_order
"I have put my old address by mistake, how can I update it?",change_shipping_address
i xepect a refund of {{Currency Symbol}}{{Refund Amount}},track_refund
i need help reporting problems with online payment,payment_issue
I want assistance to change the address,change_shipping_address
where do I see the status of the compensation ?,track_refund
help me  see what hours customer support available is,contact_customer_service
cancel order {{Order Number}},cancel_order
help checking in which situations can i ask to be erimbursed,check_refund_policy
can ushow me in which situations can i ask to be refunded,check_refund_policy
i dont know whag i have to do to see the termination penalty,check_cancellation_fee
want assistance to check the early exit fee,check_cancellation_fee
tell me what hours i can contact customer sasistance,contact_customer_service
i have a question about thepayments,payment_issue
are charges for services reimbursable,check_refund_policy
cancelling purchase {{Order Number}},cancel_order
"I have got to see the refund current status, how do I do it?",track_refund
i have to contact customer assistance how to do it,contact_customer_service
I don't know how I could track the compensation,track_refund
I'm waiting for a  compensation of {{Currency Symbol}}{{Refund Amount}},track_refund
I'm trying to contact customer service,contact_customer_service
where could I see the early termination penalties?,check_cancellation_fee
"I can't find the withdrawal penalty, I need help",check_cancellation_fee
I cannot see your refund policy,check_refund_policy
could I place an order from {{Delivery Country}} ?,delivery_options
"I want to check my damn rebate status, how do I do it?",track_refund
how do i update the shipping address,change_shipping_address
can youhelp me to check the cancellation fee?,check_cancellation_fee
I want help to cancel purchase {{Order Number}},cancel_order
I need help cancelling purchase {{Order Number}},cancel_order
I'm waiting for a rebate of {{Currency Symbol}}{{Refund Amount}},track_refund
I try to inform of troubles with payment,payment_issue
where can I cancel order {{Order Number}}?,cancel_order
how can i see the early exit charge,check_cancellation_fee
"I entered a wrong delivery address, can you correct it?",change_shipping_address
I exxpect a rebate of {{Currency Symbol}}{{Refund Amount}},track_refund
I have a error changing the delivery address,change_shipping_address
I want information about a delivery address correction,change_shipping_address
can I order from {{Delivery City}}?,delivery_options
I have a question about canceling purchase {{Order Number}},cancel_order
i want help seeing what delivery options i can choose,delivery_options
help me see in what situations can I ask for a refund,check_refund_policy
could you help me check what shipment options I have?,delivery_options
I want help to see the shipment options,delivery_options
assistance to inform of problems with online payments,payment_issue
do you ship  to {{Delivery Country}}?,delivery_options
is it possible to place an order from {{Delivery City}}?,delivery_options
I have a problem with canceling purchase {{Order Number}},cancel_order
assistance to check the early exit fees,check_cancellation_fee
assistance to see thd early termination fee,check_cancellation_fee
can i check how long refunds usually take,check_refund_policy
assistance to check in what situations acn I request refunds,check_refund_policy
is it possible to place a order from {{Delivery Country}}?,delivery_options
can you help me report fucking errors with payment?,payment_issue
I need hnelp to solve a trouble with online payment,payment_issue
do you ship to {{Delivery Country}}?,delivery_options
can you help me cancel purchase {{Order Number}}?,cancel_order
i do not know how i can notify of errors with payment,payment_issue
find information about the shipping methods,delivery_options
can you tell me more about correcting the shipping address?,change_shipping_address
where do I see if there are any news on the rebate?,track_refund
i dont know what to do to cancel purchase {{Order Number}},cancel_order
where can I see the withdrawal fees?,check_cancellation_fee
want helpo talking to customer assistance,contact_customer_service
help me see under what circumstances can I request a refund,check_refund_policy
want help to see the cancellation fees,check_cancellation_fee
I have got to check in which cases can I request refunds,check_refund_policy
need assistancee to check your damn reimbursement policy,check_refund_policy
i have to see at what time i can contact customer service,contact_customer_service
"I have to speak to customer service , can I get some help?",contact_customer_service
assistance to see in what cases can I request refunds,check_refund_policy
I'm waiting for a restitution oof {{Currency Symbol}}{{Refund Amount}},track_refund
"I have got to see the shipment options, I need help",delivery_options
I have to see under what circumstances can I request refunds,check_refund_policy
I need to see the early exit fees,check_cancellation_fee
anything new on the refund,track_refund
I am trying to see the early exit fees,check_cancellation_fee
can you show me in which situations can I ask for refunds?,check_refund_policy
can i order frrom {{Delivery Country}},delivery_options
how to get in touch with goddamn customer service,contact_customer_service
cn I place an order from {{Delivery City}}?,delivery_options
help me seeing in what situations can i ask for a refund,check_refund_policy
could you help me solve troubles with payments?,payment_issue
could you tell me more about changing my delivery address?,change_shipping_address
i want assistance tocancel order {{Order Number}},cancel_order
I want to check what hours customer support available is,contact_customer_service
can ya help me solve troubles with payment,payment_issue
I need assistance to see the early exit fee,check_cancellation_fee
I'm trying to check if there are any updates on the rebate,track_refund
wanna report a trouble with online payments,payment_issue
"I nede to see the early exit fees, how can I do it?",check_cancellation_fee
i need help cancelling purchase {{Order Number}},cancel_order
I would like to see in which cases can I ask for refunds,check_refund_policy
can you show me at what time I can contact customer service?,contact_customer_service
I have a problem trying to edit my shipping address,change_shipping_address
can ya give me information about an addres update,change_shipping_address
do ya deoiver to {{Delivery City}},delivery_options
i need help to see the cancellation penalty,check_cancellation_fee
I do not know what to do to check your reimbursement policy,check_refund_policy
would it be possibl to place a goddamn order from {{Delivery Country}}?,delivery_options
I'm waiting for a reimbjrsement of {{Currency Symbol}}{{Refund Amount}},track_refund
is it possible to se the cancellation fee?,check_cancellation_fee
i want assistance checking the termination penalty,check_cancellation_fee
how to cancel purchase {{Order Number}}?,cancel_order
can uhelp me to check the termination chareg,check_cancellation_fee
I want help to see in which cases can I ask for refunds,check_refund_policy
assistance canging my shipping address,change_shipping_address
assistance with cancelling purchase {{Order Number}},cancel_order
I have a question about an address correction,change_shipping_address
can I check at what time I can reach customer service?,contact_customer_service
is it possible to place na order from {{Delivery Country}},delivery_options
I want assistance checking the cancellation penalties,check_cancellation_fee
I need to check what damn delivery methods are available,delivery_options
I want help to check what delivery methods you offer,delivery_options
where to see the methods for shipment?,delivery_options
I do not know what to do tro cancel order {{Order Number}},cancel_order
I have to check how long reimbursements usually take,check_refund_policy
i dont know what to do tyo see the withdrawal fees,check_cancellation_fee
help me canceling purchase {{Order Number}},cancel_order
i need help to report a problem with online payments,payment_issue
problems with cancelling purchase {{Order Number}},cancel_order
i do not know what to do to check the termination penalty,check_cancellation_fee
I expect a refund of {{Currency Symbol}}{{Refund Amount}},track_refund
"I can't find the cancellation penalty, can you help me?",check_cancellation_fee
I have troubles modifying the fucking shipping address,change_shipping_address
could you help me see the withdrawal charges?,check_cancellation_fee
I am looking for information about correcting the address,change_shipping_address
i dont know how to see the shipping options,delivery_options
need assistance seeing in which cases can i request a refund,check_refund_policy
i do not know what to do to check the restitution status,track_refund
want help seeing in which situations can I request refunds,check_refund_policy
I have to see in which cases can I request reimbursements,check_refund_policy
I have a question about canceling purchase {{Order Number}},cancel_order
"I want to notify of errors with payment, how to do it?",payment_issue
is it possible to see the withdrawal penalties,check_cancellation_fee
"I want to see what shipping options I have, how to do it?",delivery_options
I have to conract customer assistance,contact_customer_service
can you tell me what hours I can call customer service?,contact_customer_service
"I have got to check the withdrawal charges, help me",check_cancellation_fee
do you shp to {{Delivery City}}?,delivery_options
is it possible to place an order from {{Delivery City}} ?,delivery_options
want assistance checking the early termination penalty,check_cancellation_fee
i expect an reimbursement of {{Refund Amount}} dollars,track_refund
i expect a restitution of {{Currency Symbol}}{{Refund Amount}},track_refund
assistance to see if there are any news on the compensation,track_refund
I want assistance to cancle purchase {{Order Number}},cancel_order
can i place an order from {{Delivery Country}},delivery_options
check under which circumstances can I ask for refunds,check_refund_policy
ya have a free of charge customer support number,contact_customer_service
hsipping to {{Delivery Country}},delivery_options
"I have to correct my address, will you help me?",change_shipping_address
I am trying to change my delivery address,change_shipping_address
needassistance cancelling purchase {{Order Number}},cancel_order
tell me more about modifying my shipping address,change_shipping_address
i need help to noptify of problems with online payments,payment_issue
where do I see the cancellation charges?,check_cancellation_fee
see in which cases can i ask for a reimbursement,check_refund_policy
how do I know if there is anything new on my reimbursement?,track_refund
I'm waiting for a reimbjrsement of {{Currency Symbol}}{{Refund Amount}},track_refund
"I have to see the withdrawal fees, can you help me?",check_cancellation_fee
I need to correct my address,change_shipping_address
show me ur reimbursement policy,check_refund_policy
I no longer want purchase {{Order Number}},cancel_order
I don't know what to do to talk to customer service,contact_customer_service
how doi see at what time i can reach customer support,contact_customer_service
is it possible to cancel purchase {{Order Number}}?,cancel_order
where do I see my rebate status?,track_refund
"I have to check the shipping options, will you help me?",delivery_options
where do I update my delivery address ?,change_shipping_address
I would like to see how long reimbursements take,check_refund_policy
i have entered a wrong address by mistake,change_shipping_address
i need assistance to see the early termination penalty,check_cancellation_fee
i want assistance to see the compensation current status,track_refund
I need help to see how long refunds take,check_refund_policy
the payment failed i need help to report errors with payment,payment_issue
can you help me to cancel purchase {{Order Number}}?,cancel_order
help me to see the refund status,track_refund
where can I check the withdrawal fees?,check_cancellation_fee
i want help to see in which cases can i request a refund,check_refund_policy
shipping to {{Delivery Country}},delivery_options
help me see the methods for shipment,delivery_options
where to update the shipping address?,change_shipping_address
I cannot find anything about the withdrawal penalties,check_cancellation_fee
I have to see the termination fee,check_cancellation_fee
how can i contact customer support,contact_customer_service
I need help notifying of a problem with online payment,payment_issue
"the payment failed, where do I notify of errors?",payment_issue
I am trying to see the current status of the rebate,track_refund
wanna see ur refund polcy,check_refund_policy
i need help to see the early termination charge,check_cancellation_fee
can uhelp me see what hours customer support available is,contact_customer_service
i want assistance reporting issueswith online payment,payment_issue
"I can't pay for purchase {{Order Number}}, how can I cancel it?",cancel_order
do you have a free  phone number to call customer support?,contact_customer_service
"I chose a wrong delivery address, can you help me update it?",change_shipping_address
I have got to cancel purchase {{Order Number}},cancel_order
help me to see in what cases can I ask for reimbursements,check_refund_policy
could I check in what situations can I ask for a refund?,check_refund_policy
is it possible to cancel purchase {{Order Number}},cancel_order
I want assistance canceling purchase {{Order Number}},cancel_order
report payment problems,payment_issue
uhave a mail address to get in touch with customer support,contact_customer_service
I expect a compensation of {{Currency Symbol}}{{Refund Amount}},track_refund
help to report an issue with online payment,payment_issue
"I entered a wrong address by mistake, could I update it?",change_shipping_address
is it possible to talk to customer support?,contact_customer_service
is it possible to report troubles with payments?,payment_issue
hsipping to {{Delivery Country}},delivery_options
"I have to inform of damn payment errors, how can I do it?",payment_issue
i want help to check ur reimbursement policy,check_refund_policy
want help seeing in which situations can i requestrefunds,check_refund_policy
what are the penalties for breaking the contract?,check_cancellation_fee
"I expect a refund of {{Currency Symbol}}{{Refund Amount}}, was it processeed",track_refund
"I need to see your money back guarantee, can you help me?",check_refund_policy
help me checking the withdrawal fees,check_cancellation_fee
"I would like to see your damn refund policy, I need help",check_refund_policy
I need to see what fucking delivery options I have,delivery_options
assistance canceling purchase {{Order Number}},cancel_order
i expetc a damn restitution of {{Currency Symbol}}{{Refund Amount}} was it processed,track_refund
could I see the shipment options?,delivery_options
support editing my shipping address,change_shipping_address
I need to see at what time I can reach customer assistance,contact_customer_service
I need help solving a troouble with online payments,payment_issue
"I have to see what shipping options I have, I need help",delivery_options
I don't know what I have to do to see the cancellation fees,check_cancellation_fee
payment help,payment_issue
how to check the early termination penalty?,check_cancellation_fee
check at what time i can reachy customer support,contact_customer_service
do ya deoiver to {{Delivery City}},delivery_options
see in what situations can I request a reimbursement,check_refund_policy
I have errors trying to edit the address,change_shipping_address
is it possible to cancel purchase {{Order Number}}?,cancel_order
assistance seeing in what cases can I request reimbursements,check_refund_policy
i dont know what to do to talk with customre assistance,contact_customer_service
is it possible to place a goddamn order from {{Delivery Country}},delivery_options
help me reporting problems with online payment,payment_issue
there is an error modifying the delivery address,change_shipping_address
would it be possible to cancel purchase {{Order Number}},cancel_order
supports trying to change the address,change_shipping_address
can you help me cancelling purchase {{Order Number}}?,cancel_order
assistance ot check how long reimbursements take,check_refund_policy
I want assistance to notify of goddamn issues with payments,payment_issue
I need help checking the early termination fees,check_cancellation_fee
I expect a restitution of {{Refund Amount}} dollars,track_refund
I have got to check if there are any news on the restitution,track_refund
I want to see in what situations can I ask for my money back,check_refund_policy
I want support modifying the address,change_shipping_address
wanna change my delivery dadress could i get some help,change_shipping_address
assistance with payment,payment_issue
"I would like to check your money back guarantee, help me",check_refund_policy
how can I talk to customer assistance?,contact_customer_service
i expect a restitution of {{Currency Symbol}}{{Refund Amount}},track_refund
where do I check what damn shipment options are available?,delivery_options
"I don't want this item, help me cancel purchase {{Order Number}}",cancel_order
"I have to see what options for delivery are there, help me",delivery_options
help me to notify of issues with payment,payment_issue
could you show me in which situations can I request refunds?,check_refund_policy
deliveries to {{Delivery Country}},delivery_options
I am waiting for an restitution of {{Currency Symbol}}{{Refund Amount}},track_refund
I am trying to see in what cases can I request a refund,check_refund_policy
I don't know how I can cancel purchase {{Order Number}},cancel_order
I want assistance canceling purchyase {{Order Number}},cancel_order
i try to see what shipment options are available,delivery_options
I need help to see what hours I can reach customer support,contact_customer_service
want assistance to see what shipment methods are there,delivery_options
camceling order {{Order Number}},cancel_order
how can I report payment errors?,payment_issue
want help canceling purchase {{Order Number}},cancel_order
I expect a reufnd of {{Currency Symbol}}{{Refund Amount}},track_refund
I am trying to check what shipping methods are available,delivery_options
deliveries to {{Delivery City}},delivery_options
I want help trying to update my shipping address,change_shipping_address
I have to see the withdrawal fees,check_cancellation_fee
could you help me to see the early exit fees?,check_cancellation_fee
"I chose a wrong shipping address, help me editing it",change_shipping_address
do you edliver to {{Delivery Country}}?,delivery_options
were can i cancel purchase {{Order Number}},cancel_order
i dont know how i can talk to customer service,contact_customer_service
I don't know how I could modify my shipping address,change_shipping_address
I do not know what to do to check the termination charges,check_cancellation_fee
"I would like to see the delivery options, I need assistance",delivery_options
I cannot track the reimbursement,track_refund
I want help to contact customer assistance,contact_customer_service
can uhelp me cancelling purchase {{Order Number}},cancel_order
I would like to cancel purchase {{Order Number}},cancel_order
how to inform of a payment error?,payment_issue
"I have to check the withdrawal fee, can you help me?",check_cancellation_fee
I want assistance to check the early exit penalties,check_cancellation_fee
do you shp to {{Delivery City}}?,delivery_options
can uhelp me to cancel purchase {{Order Number}},cancel_order
need to see what shipment options are there how to do it,delivery_options
shipments to {{Delivery Country}},delivery_options
canceling order {{Order Number}},cancel_order
what do I need to do to call customer service?,contact_customer_service
I try to see in what cases can I request refunds,check_refund_policy
have a question about the methods for shipment,delivery_options
can you help me notify of an error with payments?,payment_issue
i need assistance canceling purchase {{Order Number}},cancel_order
I would like to report fucking errors with payment,payment_issue
information about updating my address,change_shipping_address
need assistance solving a problem with online payment,payment_issue
wqnna notify of an error with payments,payment_issue
"I want to talk with customer assistance, could you help me?",contact_customer_service
i want support trying to change the address,change_shipping_address
"I have got to call customer service, how to do it?",contact_customer_service
could uhelp me report a trouble with online payment,payment_issue
"my bloody delivery address changed, can I update it?",change_shipping_address
I have problems correcting the goddamn address,change_shipping_address
help to check the status of my compensation,track_refund
I do not know how I could contact fucking customer support,contact_customer_service
want help to see in which cases can i request my money back,check_refund_policy
i dont know how i can report a trouble with payments,payment_issue
i have to notify of problems with payments,payment_issue
I need assistance to talk to customer support,contact_customer_service
assistance with cancelling purchase {{Order Number}},cancel_order
what do I need to do to check the withdrawal fees?,check_cancellation_fee
the available delivery options,delivery_options
I need help to notify of errors with payment,payment_issue
can you help me to check what methods for delivery I have?,delivery_options
help me check at what time customer assistance available is,contact_customer_service
what do I have to do to inform of payment errors?,payment_issue
ya have a free number to talk with customer service,contact_customer_service
I need help to check what hours I can call customer support,contact_customer_service
I want to modify my delivery address,change_shipping_address
need assistance to see my restitution current status,track_refund
can you help me to check what shipment options are there?,delivery_options
I have to see what shipping options you offer,delivery_options
need assistance trying to change the address,change_shipping_address
i have to notify of errors with online payment,payment_issue
help me informof errors with online payment,payment_issue
wannma speak to customer service how can i do it,contact_customer_service
i want help canceling order {{Order Number}},cancel_order
can i place an oeder from {{Delivery City}},delivery_options
I do not know what I need to do to report payment problems,payment_issue
want assistance notifying of an error with payments,payment_issue
can you help me to speak with customer service?,contact_customer_service
I try to see in what cases can I ask for my damn money back,check_refund_policy
how to check at what time i can call customer support,contact_customer_service
help me check if there is anything wrong with my refund,track_refund
I need assistance with cancelling order {{Order Number}},cancel_order
I expect a rebate of {{Refund Amount}} dollars,track_refund
can ya show me at what time customr service available is,contact_customer_service
assistance to cancel purchase {{Order Number}},cancel_order
I do not know what to do to see the early exit penalty,check_cancellation_fee
how to check if there are any news on my rebate?,track_refund
"I can't afford order {{Order Number}}, how can I cancel it?",cancel_order
i exepct a compensation of {{Currency Symbol}}{{Refund Amount}},track_refund
need support trying to modifythe address,change_shipping_address
i dont want this artilce cancel order {{Order Number}},cancel_order
how to see what shipment options are available?,delivery_options
"I want to talk to customer assistance, I need help",contact_customer_service
i dont know how  to change my address,change_shipping_address
I do not know what I have to do to edit the address,change_shipping_address
I'd like to  check what hours customer support available is,contact_customer_service
want assistance notifying of problems with online payment,payment_issue
where do I check the early termination charge?,check_cancellation_fee
are charges of services refundable,check_refund_policy
i need assistance to notify of an issue with online payment,payment_issue
I want tocheck in which cases can I request to be reimbursed,check_refund_policy
i do not know what i have to do to update the address,change_shipping_address
I'm waiting for a refund of {{Refund Amount}} dollrs,track_refund
can i see the cancellation penatlies,check_cancellation_fee
could you help me reporting errors with online payment?,payment_issue
solve troubles with payment,payment_issue
order cancellation,cancel_order
how can I update the delivery address?,change_shipping_address
"I have got to see the refund current status, I need help",track_refund
I have got to check what hours customer service available is,contact_customer_service
"I have to see the cancellation penalties, how do I do it?",check_cancellation_fee
could I check at what time I can call customer service?,contact_customer_service
I'm waiting for a compensation of {{Refund Amount}} dollars,track_refund
I'm waiting for a refund of {{Currency Symbol}}{{Refund Amount}},track_refund
where can I check if there are any news on the rebate?,track_refund
have problems with canceling order  {{Order Number}},cancel_order
help seeing the withdrawal fee,check_cancellation_fee
how can I see if there is anything new on my compensation?,track_refund
how do I check what hours I can call customer support?,contact_customer_service
help checking in which cases can I request to be refunded,check_refund_policy
how can I cancel purchase {{Order Number}}?,cancel_order
I can no longer pay for order {{Order Number}},cancel_order
help me informing of an issue with payment,payment_issue
I want to see in which cases can I request my money back,check_refund_policy
I need help to talk to custmoer service,contact_customer_service
can i check hte early exit charges,check_cancellation_fee
I need to modify my delivery address,change_shipping_address
shipping to {{Delivery Country}},delivery_options
want help ot check the withdrawal charge,check_cancellation_fee
where to know if there is anything new on the rebate,track_refund
i do not know what i have to do to see the early exit fees,check_cancellation_fee
check ur money back guarantee,check_refund_policy
deliveries to {{Delivery City}},delivery_options
help me seeing at what time I can call customer assistance,contact_customer_service
I have to report a problem with payments,payment_issue
could you help me check the status of my restitution?,track_refund
I want assistance trying to change the shipping addrses,change_shipping_address
"I have to speak to customer support, how can I do it?",contact_customer_service
how could I cancel purchase {{Order Number}}?,cancel_order
I need to check if there are any updates on my bloody rebate,track_refund
can i check the cancellation charges,check_cancellation_fee
I want help cancelling purchase {{Order Number}},cancel_order
see in what situations can I request my money back,check_refund_policy
I want assistance to update my delivery address,change_shipping_address
see in which situations can I request to be reimbursed,check_refund_policy
i expect an rebate of {{Currency Symbol}}{{Refund Amount}},track_refund
I want to check my restitution status,track_refund
I have got to cancel purcahse {{Order Number}},cancel_order
want assistance to inform of troubles with payments,payment_issue
"I do not want this item, cancel order {{Order Number}}",cancel_order
"I have to call customer suupport, could I get some help?",contact_customer_service
how to see the termination penalty,check_cancellation_fee
I have problems with cancelling order {{Order Number}},cancel_order
i need assistance notifying of a payment probelm,payment_issue
I don't know what I need to do to contact customer service,contact_customer_service
wanna see what shipment methods i can choose how do i do it,delivery_options
I call to check the shipment options,delivery_options
am I entitled to a refund according to your policy?,check_refund_policy
I want assistance informing of  issues with payment,payment_issue
i need assistance with canceling order {{Order Number}},cancel_order
i dont know how to cancel purchase {{Order Number}},cancel_order
I want to cancel order {{Order Number}},cancel_order
"I want to checj your money back policy, I need assistance",check_refund_policy
"I want to check the shipping options, can I get some help?",delivery_options
I'm trying to correct my shipping address,change_shipping_address
is it possible to check my damn rebate current status?,track_refund
can you help me checking the bloody cancellation penalty?,check_cancellation_fee
I expect a reimbursement of {{Currency Symbol}}{{Refund Amount}},track_refund
can I order from {{Delivery Country}}?,delivery_options
i try to see if there are any updates on my refund,track_refund
can i order frlm {{Delivery City}},delivery_options
I want supports editing my address,change_shipping_address
can you help me cancelling order {{Order Number}}?,cancel_order
I ened help reporting problems with payment,payment_issue
"I can't find the cancellation penalties, can you help me?",check_cancellation_fee
i need assistance with a shipping address correction,change_shipping_address
want assistance to check in what casew can I request refunds,check_refund_policy
i have to check the withdrawal charge,check_cancellation_fee
need help to notify of problems with paymenst,payment_issue
"I need to see the options for delivery, can you help me?",delivery_options
can you help me solve a problem with online payment?,payment_issue
help me cancel purchase {{Order Number}},cancel_order
i need assistance checking the damn cancellation charge,check_cancellation_fee
I can no longer pay for purchase {{Order Number}},cancel_order
assistance to see the withdrawal fees,check_cancellation_fee
problems with cnceling purchase {{Order Number}},cancel_order
could you help me to cancel purchase {{Order Number}}?,cancel_order
i want help cancelling order {{Order Number}},cancel_order
check how long reinbursements usually take,check_refund_policy
I don't want purchase {{Order Number}},cancel_order
need help to see at what time I can contact customer service,contact_customer_service
need help with cancelling order {{Order Number}},cancel_order
assistance to see your refund policy,check_refund_policy
I have a problem with canceling purchase {{Order Number}},cancel_order
I need help with cancelling purchase {{Order Number}},cancel_order
help me see in what cases can i ask for a refund,check_refund_policy
I have to check the withdrawal fee,check_cancellation_fee
assistance to inform of a damn payment issue,payment_issue
I'm waiting for a ocmpensation of {{Refund Amount}} dollars,track_refund
can you help me check the cancellation charges?,check_cancellation_fee
"I have gotr to cancel order {{Order Number}}, I need help",cancel_order
where can i see the ealry exit charge,check_cancellation_fee
I want to know about correcting my delivery address,change_shipping_address
I'm waiting for a rebate of {{Currency Symbol}}{{Refund Amount}},track_refund
I want help to check how long reimbursements take,check_refund_policy
need assistance witgh cancelling order {{Order Number}},cancel_order
I try to check your damn money back guarantee,check_refund_policy
help em checking the withdrawal fees,check_cancellation_fee
shiping to {{Delivery City}},delivery_options
my card was declined i wanna inform of troubles with payment,payment_issue
i want help seeing my reimbursement status,track_refund
I'm waiting for a reimbursement of 160dollars,track_refund
can you help me  cancelling purchase {{Order Number}}?,cancel_order
i have to check how long refunds take how can i do it,check_refund_policy
I have to check if there is anything new on the restitution,track_refund
can you help me see what shipping methods you offer?,delivery_options
help me checking if there are any news on my refund,track_refund
"I want to see in what cases can I request refunds, help me",check_refund_policy
I need help to see what hours customer support available is,contact_customer_service
i try to check the early exit penalties,check_cancellation_fee
i cant pay i need help reporting problems with payments,payment_issue
I have to speak with customer assistance,contact_customer_service
"I have to see what shipping options I have, can you help me?",delivery_options
want assistance trying to update the address,change_shipping_address
I need assistance editing my delivery address,change_shipping_address
i dont know what i need to do to speak to customer service,contact_customer_service
can you help me to cancel purchase {{Order Number}}?,cancel_order
I need help seeing how long refunds usually take,check_refund_policy
there is an issue trying to edit the delivery address,change_shipping_address
can you help me to notify of issues with online payment?,payment_issue
help to cancel purchase {{Order Number}},cancel_order
is it possible to see what shipping options I have?,delivery_options
I want help checking the restitution current status,track_refund
how to see the early termination penalties?,check_cancellation_fee
help me cancel ordere {{Order Number}},cancel_order
can uhelp me see my reimbursement current status,track_refund
help to see the withdrawal fee,check_cancellation_fee
want assistance to check the status of the rebate,track_refund
I am waiting for a compensation of {{Refund Amount}} doolars,track_refund
there are troubles correcting the shipping address,change_shipping_address
supports trying to edit the address,change_shipping_address
uhave a free number to talk with customer assistance,contact_customer_service
I do not know how I can see the early termination penalty,check_cancellation_fee
show me what options for delivery are there,delivery_options
I need to cancel order {{Order Number}},cancel_order
I want help to see the options for shipment,delivery_options
assistance seeing what shipment methods you offer,delivery_options
assistance to talk with customer support,contact_customer_service
I'm waiting for a restitution of {{Currency Symbol}}{{Refund Amount}} was it processed,track_refund
I expect a reimbursement of {{Refund Amount}} dollars,track_refund
help seeing in what cases can i ask for a refund,check_refund_policy
I want to see under what circumstances can I request refunds,check_refund_policy
I need assistance informing of problems with online payments,payment_issue
check at what time i can get in touch with customer service,contact_customer_service
see in whnich situations can I request my money back,check_refund_policy
do you have a free number to contact customer support?,contact_customer_service
I try to check what hours I can contact customer support,contact_customer_service
I do not know what I need to do to check your refund policy,check_refund_policy
I do not know how to check the status of the compensation,track_refund
where do i track the refund,track_refund
their is an error trying to update the shipping address,change_shipping_address
I want assistance solving a trouble with payments,payment_issue
help me notifying of problems with online payments,payment_issue
there is a trouble correcting my delivery adxdress,change_shipping_address
I do not know what to do to speak to customer support,contact_customer_service
i dont know how to see the termination charge,check_cancellation_fee
i need assistance seeing the cancellation  charge,check_cancellation_fee
how do I inform of a problem with online payments?,payment_issue
I want help to cancel order {{Order Number}},cancel_order
can uhelp me see if there are any news on my refund,track_refund
there is an error trying to update the address,change_shipping_address
want help to see in what cases can I request reimbursements,check_refund_policy
help me to see what shipping options I have,delivery_options
I need help to see the termination fee,check_cancellation_fee
show early termination ppenalties,check_cancellation_fee
report problems with online payments,payment_issue
I have to see what hours I can call customer service,contact_customer_service
help seing what hours i can contact customer service,contact_customer_service
I have got to inform of fucking problems with payments,payment_issue
want assistance seeing the cancellation penalty,check_cancellation_fee
i expect a restitution of {{Refund Amount}} dollars,track_refund
i expect a refund of {{Refund Amount}} dollars,track_refund
i try to inform of issues with payments,payment_issue
I expect a compensation of {{Refund Amount}} dollars,track_refund
where can I check your reimbursement policy?,check_refund_policy
what do I have to do to change my delivery address?,change_shipping_address
help me check in which cases canI request reimbursements,check_refund_policy
i need help with canceling order {{Order Number}},cancel_order
need assistance cancelling purchase {{Order Number}},cancel_order
help me to se in which cases can I ask for a refund,check_refund_policy
can you help me to cancel purchase {{Order Number}}?,cancel_order
I would like to cancel purchase {{Order Number}},cancel_order
check in which cases can I ask to be refunded,check_refund_policy
cancel purchase  {{Order Number}},cancel_order
i dont know how i can cancel purchase {{Order Number}},cancel_order
need help informing of problems with online payment,payment_issue
deliveries to {{Delivery Country}},delivery_options
"I need to see the methods for shipping, how to do it?",delivery_options
how do I talk to damn customner support?,contact_customer_service
want help cancelling purchase {{Order Number}},cancel_order
wanna report problems with online payment,payment_issue
can you help me to notify of a problem with online payment?,payment_issue
I'm waiting for a refund of {{Currency Symbol}}{{Refund Amount}},track_refund
need help to solv problems with online payment,payment_issue
can you help me to see the cancellation penalty?,check_cancellation_fee
iwant assistance canceling order {{Order Number}},cancel_order
give me information about a shipping address update,change_shipping_address
I no longer want order {{Order Number}},cancel_order
I have to see under what circumstances can I ask for refunds,check_refund_policy
I am waiting for a bloody compensation of {{Refund Amount}} dollars,track_refund
I want help to inform of problems with payment,payment_issue
can ya help me check how long reimbursemenst take,check_refund_policy
"I need to check your reimbursement policy, can you help me?",check_refund_policy
i need help canceling purchase {{Order Number}},cancel_order
I expect an refund of {{Refund Amount}} dollars,track_refund
help updating my address,change_shipping_address
is it possible to order from {{Delivery Country}}?,delivery_options
help me see at what time I can call customer assistance,contact_customer_service
assistance canceling purchase {{Order Number}},cancel_order
i cannot track my restitution,track_refund
i  need assistance reporting troubles with online payments,payment_issue
i have to speak ot customer support how could i do it,contact_customer_service
wannasee the cancellation penalties can uhelp me,check_cancellation_fee
help seeing in which cases can I request a reimbursement,check_refund_policy
can you help me to notify of an error with payment?,payment_issue
do you have a free phone number to contact customer service?,contact_customer_service
I odn't know how I could speak to customer support,contact_customer_service
how can I report errors with online payments?,payment_issue
I don't know how I can inform of issues with online payment,payment_issue
deliveries to {{Delivery Country}},delivery_options
can i see in what situations can i ask for reimbursements,check_refund_policy
wanna know about correcting my address find some information,change_shipping_address
help checking the current status of the restitution,track_refund
"I need to see what damn shipment options I have, help me",delivery_options
I want help to report payment problems,payment_issue
what do i need to do to check the status of the restitution,track_refund
i have errors trying to edit the shippikng address,change_shipping_address
what do I need to do to check the goddamn shipping options?,delivery_options
help me see what damn shipment methods are available,delivery_options
i dont know how i could talk to customer support,contact_customer_service
i need assistance to checck ur money back policy,check_refund_policy
can I check the withdrawal penalty?,check_cancellation_fee
need assistance to check in what cases can I ask for refunds,check_refund_policy
"I cannot make a transfer, notify of payment issues",payment_issue
how to see what shipping options I have?,delivery_options
can uhelp me solve an error with payments,payment_issue
how to repoft troubles with online payment,payment_issue
"I have bought some item, I have to cancel order {{Order Number}}",cancel_order
want assistance to check your refund policy,check_refund_policy
cancel purchase {{Order Number}},cancel_order
I have an issue editing the address,change_shipping_address
there is an error trying to correct the delivery address,change_shipping_address
can I talk with customer support?,contact_customer_service
there is an error modifying my delivery address,change_shipping_address
I need help canceling purchase {{Order Number}},cancel_order
"I need to see the cancellation fee, can you help me?",check_cancellation_fee
can you help me to see the early exit charge?,check_cancellation_fee
support editing my address,change_shipping_address
can uhelp me speaking with customer service,contact_customer_service
need to check ur refund policy can i get some help,check_refund_policy
i need help to see my compensation status,track_refund
I'm waiting for an refund of {{Currency Symbol}}{{Refund Amount}} has it been processed,track_refund
I no longer want purchase {{Order Number}},cancel_order
there is an issue trying to update the address,change_shipping_address
"I can't afford my last item, cancel purchase {{Order Number}}",cancel_order
need assistance modifying the shipping address,change_shipping_address
would it be possible to call customer assistance?,contact_customer_service
tell me what hours I can reach customer service,contact_customer_service
canceling purchase {{Order Number}},cancel_order
in what cases can i request to be refunded,check_refund_policy
what do I have to do to see the cancellation charges?,check_cancellation_fee
"I put my old address by mistake, modify it",change_shipping_address
i cant make a transfer report troubles with online payment,payment_issue
shipping to {{Delivery City}},delivery_options
I have got to see what hours I can call customer service,contact_customer_service
"I have to contact customer support, I need assistnace",contact_customer_service
help me check if there are any news on the rebate,track_refund
I need help modifying the delivery address,change_shipping_address
I want assistance notifying of a goddamn payment issue,payment_issue
wanna know more about a shipping address update,change_shipping_address
I need assistamce to inform of a payment issue,payment_issue
can you help me to cancel purchase {{Order Number}}?,cancel_order
question about cancelling purchase {{Order Number}},cancel_order
I have issues correcting the address,change_shipping_address
I need assistance with cancelling order {{Order Number}},cancel_order
I'm waiting for a restitution of {{Currency Symbol}}{{Refund Amount}},track_refund
i need help with canceling order {{Order Number}},cancel_order
i want help seeing the restitution current status,track_refund
i want help seeing the termination penalty,check_cancellation_fee
I have iussues correcting my address,change_shipping_address
"I want to see my compensation status, I need help",track_refund
I want to see in what cases can Iask to be refunded,check_refund_policy
i have a prolem trying to update my address,change_shipping_address
need help to check the shipment methods,delivery_options
could I see if there is anything new on my refund?,track_refund
i dont know what to do to cancel purchase {{Order Number}},cancel_order
I do not know how I can speam with customer support,contact_customer_service
I want assistance seeing the methods for shipment,delivery_options
assistance notifying of an issue with payments,payment_issue
tell me about updating the address,change_shipping_address
help me see in which cases can I ask for an refund,check_refund_policy
where do I inform of issues with online payment?,payment_issue
I am calling to see what shipment methods are there,delivery_options
I submitted a wrong shipping address,change_shipping_address
"I cannot pay, where canI report problems with payment?",payment_issue
need to call customer service,contact_customer_service
want help to notify of troubles with online payment,payment_issue
I don't know how I could notify of payment issues,payment_issue
i expect a rebate of {{Currency Symbol}}{{Refund Amount}},track_refund
help me to get in touch with bloody customer support,contact_customer_service
I can't pay for purchase {{Order Number}},cancel_order
i don want order {{Order Number}} I'd like to cancel it,cancel_order
i try to check what shipment methods are there,delivery_options
wanna see ur refund policy caan ya help me,check_refund_policy
i want help to contact customer assistance,contact_customer_service
can i speak to customer service,contact_customer_service
can uhelp me to solve a problem with online payments,payment_issue
help knowing if there is anything new on the refund,track_refund
I'm trying to know if there is anything new on my refund,track_refund
"I need to call goddamn customer support, help me",contact_customer_service
I have to see in what cases can I ask for reimbursements,check_refund_policy
assistance seeing in what cases can I ask to be reimbursed,check_refund_policy
how could I see the cancellation fee?,check_cancellation_fee
i expect an rebate of {{Currency Symbol}}{{Refund Amount}},track_refund
assistance to check in what cases can I ask to be refunded,check_refund_policy
I want to check what shipment methods I have,delivery_options
inform of problems with payments,payment_issue
"I have got to talk with customer support, I need assistance",contact_customer_service
I'm waiting for a refund of {{Refund Amount}} dollars,track_refund
can i place an oeder from {{Delivery City}},delivery_options
I want help solving an issue with online payment,payment_issue
i need assistance seeing the termination fees,check_cancellation_fee
I want information about updating the shipping address,change_shipping_address
can ushowme in which situations can i ask for reimbursements,check_refund_policy
where to check the cancellation charge?,check_cancellation_fee
I don't know what I haveto do to speak with customer service,contact_customer_service
where to know if there are any updates on the refund?,track_refund
could uhelp me check the cancellation penalty,check_cancellation_fee
I don't know what to do to cancel purchase {{Order Number}},cancel_order
I don't know how I can notify of a payment issue,payment_issue
I need assistancde cancelling order {{Order Number}},cancel_order
how to report errors with online payments,payment_issue
how to see at what time I can contact customer service?,contact_customer_service
can i check theearly exit penalty,check_cancellation_fee
I want to talk to customer service,contact_customer_service
can uhelp me to correct my delivery address,change_shipping_address
i want assistance to check how long refunds take,check_refund_policy
i expect a restitution of {{Refund Amount}} dollafs,track_refund
what hours can i get in touch with customer service,contact_customer_service
I have got to track the compensation,track_refund
camceling order {{Order Number}},cancel_order
where do I check what methods for delivery I can choose?,delivery_options
help me seeing if there are any news on my reimbursement,track_refund
I want assistance cancelling purchase {{Order Number}},cancel_order
I want help to see in what cases can I ask to be refunded,check_refund_policy
I have a trouble trying to modify my address,change_shipping_address
how can I see what hours I can reach customer service?,contact_customer_service
I need help with cancelling order {{Order Number}},cancel_order
I have problems with cancelling purchase {{Order Number}},cancel_order
how can i see at what time i can call customer assistance,contact_customer_service
can you tell me more about a shipping address correction?,change_shipping_address
what do i have to do to check the shipping options,delivery_options
I need help solving errors with online paymnt,payment_issue
I need help tryingto change my address,change_shipping_address
how to see the cancellation penalty?,check_cancellation_fee
I want assistance to see the early termination fees,check_cancellation_fee
i want assistance to change my delivery address,change_shipping_address
notify of troubles with payment,payment_issue
can i order frrom {{Delivery Country}},delivery_options
I need assistance to check the current status of the rebate,track_refund
can i place an order from {{Delivery City}},delivery_options
problem with cancelling purchase {{Order Number}},cancel_order
I have problems with canceling purchase {{Order Number}},cancel_order
shipments to {{Delivery City}},delivery_options
"I am waiting for a refund of {{Currency Symbol}}{{Refund Amount}}, was it processed",track_refund
i have got to check ur money back guarantee how do i do it,check_refund_policy
can you help me to check the methods for shipment?,delivery_options
I am trying to see the cancellation fee,check_cancellation_fee
I wanmt assistance checking the cancellation penalty,check_cancellation_fee
help me seeing in which situations can I ask for refunds,check_refund_policy
i need help reporting a trouble with online payments,payment_issue
I want to check in which situations czn I ask for a refund,check_refund_policy
help me to check the early exit few,check_cancellation_fee
I want to know about editing the shipping address,change_shipping_address
problem changing address,change_shipping_address
could you help me cancelling order {{Order Number}} ?,cancel_order
i cant edit my delivery address,change_shipping_address
withdrawal fee,check_cancellation_fee
help to solve troubles with online paymnets,payment_issue
can ya help me seeing the bloody early exit fee,check_cancellation_fee
I have to know if there is anything wrong with the refund,track_refund
help me notify of errors with online payment,payment_issue
help checking in what situations can I ask to be refunded,check_refund_policy
can you help me camceling the purchase I made?,cancel_order
could you tell me at what time I can reach customer support?,contact_customer_service
can i see under which circjmstances can i ask for refunds,check_refund_policy
want help to report a trouble with payment,payment_issue
help me report problems with online payment,payment_issue
can I see the early exit charge?,check_cancellation_fee
help to see in which cases can i ask for my money back,check_refund_policy
I don't know how to check the compensation status,track_refund
I do not know what to do to modify my shipping address,change_shipping_address
assistance canceling purchase {{Order Number}},cancel_order
I need assistance notifying of an error with online payment,payment_issue
I am trying to check my compensation current status,track_refund
i do not know how i can correct my delivery address,change_shipping_address
assistance to see if there are any news on the refund,track_refund
chwck under which circumstances can I request reimbursements,check_refund_policy
I have an question about cancelling order {{Order Number}},cancel_order
I'm trying to inform of problems with online payments,payment_issue
can I see if there is anything new on the refund?,track_refund
wanna check what shipping methods uoffer can uhelp me,delivery_options
"I have got to talk to customer support, can I get some help?",contact_customer_service
can uhelp me to get in touch with customer support,contact_customer_service
wanna check how long refunds usually take help me,check_refund_policy
do you have a free number to call cjstomer service?,contact_customer_service
need help checking what shipment options I have,delivery_options
want assistance to inform of a payment problem,payment_issue
i want help checking if there are any news on my restitution,track_refund
I try to edit my address,change_shipping_address
I cannot afford purchase {{Order Number}},cancel_order
help me checking what hours customer support available is,contact_customer_service
help to call customer service,contact_customer_service
can I order from {{Delivery Country}}?,delivery_options
I want help to cancel purchase {{Order Number}},cancel_order
need help to check the early exit charges,check_cancellation_fee
I do not know what to do to check the cancellation charges,check_cancellation_fee
troubles with payments,payment_issue
I need help with canceling purchase {{Order Number}},cancel_order
i want help changing my delivey address,change_shipping_address
how to check the shipping options?,delivery_options
could I see in what cases can I ask for a refund?,check_refund_policy
I want assistance to inform of an error with online payment,payment_issue
I expect a refund of {{Refund Amount}} dollars,track_refund
"I want to talk with customer support, can you help me?",contact_customer_service
want help norifying of a payment issue,payment_issue
i chose a wrong address by mistake,change_shipping_address
I can't see your money back policy,check_refund_policy
"the payment failed, I want assistance to notify of a problem",payment_issue
what do I need to do to check the cancellation charge?,check_cancellation_fee
how can I inform of issues with online payment?,payment_issue
can i place an order from {{Delivery City}},delivery_options
I don't knowe how to inform of problems with payments,payment_issue
i want assistance tocancel order {{Order Number}},cancel_order
I'm trying to notify of a trouble with online payments,payment_issue
in which cases can i ask for reimbursements,check_refund_policy
"I bought some article, help canceling order {{Order Number}}",cancel_order
I need assistance notifying of a trouble with online payment,payment_issue
is it possible to place an order from {{Delivery City}} ?,delivery_options
I need help to get in touch with customer support,contact_customer_service
I chose a wrong address by mistake,change_shipping_address
I need to edit the delivery  address,change_shipping_address
help talking to customer assistance,contact_customer_service
I want to see what shipment methods are available,delivery_options
i want help to inform of errors with payments,payment_issue
assistance seeing if there are any news on my reimbursement,track_refund
help to see in what cases can i request my money back,check_refund_policy
I have got to see in which cases can I request my money back,check_refund_policy
I expect a reufnd of {{Currency Symbol}}{{Refund Amount}},track_refund
how to see the status of my restitution?,track_refund
i dont know how to cancel purchase {{Order Number}},cancel_order
help me seeing what shipping options you offer,delivery_options
how to talk to customer assisance,contact_customer_service
I don't know how I could see the erly exit penalty,check_cancellation_fee
what do i need to do to see the termination fee,check_cancellation_fee
check cancellation fee,check_cancellation_fee
"the shipping address changed, how can I correct it?",change_shipping_address
i try to report issues with payments,payment_issue
i cannot pay for my last item cancel order {{Order Number}},cancel_order
help checking my restitution status,track_refund
I do not know what I have to do to check te cancellation fee,check_cancellation_fee
can i order frlm {{Delivery City}},delivery_options
I have to talkwith customer support,contact_customer_service
want assistance seeing ur money back guarantee,check_refund_policy
I want help to see at what time I can reach customer service,contact_customer_service
can I order from {{Delivery Country}}?,delivery_options
how to inform of a payment issue,payment_issue
do you shp to {{Delivery City}}?,delivery_options
could you show me in what situations can I request refunds?,check_refund_policy
in which cases can i ask to be reimbursed,check_refund_policy
can ya help me see in which situations can i ask for refunds,check_refund_policy
i try to report a problem with payment,payment_issue
can i check how long reimbursements usually take,check_refund_policy
I have problesm with a delivery address update,change_shipping_address
help me to check what delivery methods I can choose,delivery_options
I need help seeing hte early exit charge,check_cancellation_fee
I have to report payment issues,payment_issue
"I cannot find the bloody early termination penalty, help me",check_cancellation_fee
I cannot find the withdrawal penalties,check_cancellation_fee
how do i see the withdrawal fees,check_cancellation_fee
I need help cancelling purchase {{Order Number}},cancel_order
"I have got to talk to customer service, how can I do it?",contact_customer_service
what do I have to do to check the early exit fee ?,check_cancellation_fee
could uhelp me to know if there are any news on my rebate,track_refund
I need assistance checking my compensation status,track_refund
how can I check what shipment methods are available?,delivery_options
I don't know how to notify of an issue with online payment,payment_issue
i  dont know how to check the early exit penalty,check_cancellation_fee
I need help checking in what cases can I ask for a refund,check_refund_policy
can you help me notify of problems with online payments?,payment_issue
do ya deliver to {{Delivery Country}},delivery_options
where to see if there is anything new on the rebate,track_refund
want help checking the early exit fee,check_cancellation_fee
I want help seeing in what cases can I ask to be refunded,check_refund_policy
help me seeing your money back guarantee,check_refund_policy
what time can I get in touch with customer support?,contact_customer_service
I'm trying to check  the termination fee,check_cancellation_fee
I  need assistance reporting an issue with online payment,payment_issue
i need assistance to inform of problems with payment,payment_issue
assistance seeing what hours I can call customer service,contact_customer_service
see early exit penalty,check_cancellation_fee
informing of troubles with payments,payment_issue
I want help to check in what cases can I request a refund,check_refund_policy
I need help canceling purchase {{Order Number}},cancel_order
how to report an error with online payments,payment_issue
"my card did not work, assistance reporting payment problems",payment_issue
show the available shipment methods,delivery_options
I donot know what I have to do to inform of payment issues,payment_issue
how can I check the withdrawal penalty?,check_cancellation_fee
need help notifying of problems with online payments,payment_issue
i need assistance solving an error with payments,payment_issue
how can i speakto customer assistance,contact_customer_service
I don't know how I can camcel purchase {{Order Number}},cancel_order
I need to check the withdrawal charges,check_cancellation_fee
assistance seeing if there is anything wrong with my refund,track_refund
I have to check in which cases can I request refdunds,check_refund_policy
is it possible to see what delivery options I have?,delivery_options
I need information about a delivery address change,change_shipping_address
I want assistance to cancle purchase {{Order Number}},cancel_order
do you ship to {{Delivery City}}?,delivery_options
want assistance solving troubles with online payment,payment_issue
i have to talk to customer service,contact_customer_service
I want help to cancle purchase {{Order Number}},cancel_order
need to change my shipping address,change_shipping_address
i dont know what to do to speak to customer support,contact_customer_service
"I can't pay, is it possible to report troubles with payment?",payment_issue
i wanmt help trying to change my shipping address,change_shipping_address
can you help me see what hours I can call customer support?,contact_customer_service
assistance informing of problems with payment,payment_issue
can you help me notify of errors with payment?,payment_issue
i have to check what hours i can reach customer service,contact_customer_service
I try to check at what time I can reach customer assistance,contact_customer_service
checking status of rebate,track_refund
I try to see in which cases can I request a refund,check_refund_policy
help me see the current status of the refund,track_refund
I don'tt know what I need to do to see the early exit fees,check_cancellation_fee
see in what cases can i request refunds,check_refund_policy
there is an error trying to edit the shipping address,change_shipping_address
help seeing the termination charges,check_cancellation_fee
"I can't pay, could you help me report payment errors?",payment_issue
I don't know what to do to track the refund,track_refund
I don't know how to check the early termination charge,check_cancellation_fee
i try to see the withdrawal fees,check_cancellation_fee
what do I need to do to notify of a problem with payments?,payment_issue
want assistance to report problems with online payment,payment_issue
I don't know how to inform of troubles with online payments,payment_issue
I do not know how I could check the delivery methods,delivery_options
is it possible to notify of errors with payments?,payment_issue
am I entitled to a reimbursement?,check_refund_policy
where could I cancel purchase {{Order Number}}?,cancel_order
problem witth cancelling order {{Order Number}},cancel_order
can you show me what bloody methods for delivery are there?,delivery_options
i need assistance informing of payment issues,payment_issue
help me seeing what hours customer service available is,contact_customer_service
i need supports changing the delivery address,change_shipping_address
need assistance seeing ur money back guarantee,check_refund_policy
"I want to see how long refunds usually take, how to do it?",check_refund_policy
I need help with cancellng order {{Order Number}},cancel_order
show me what fucking shipping options I can choose,delivery_options
where to check the termination charges?,check_cancellation_fee
could ya help me inform of troubles with payments,payment_issue
help me check in which cases can i ask ofr reimbursements,check_refund_policy
i dont know how i can check the cancellation penalty,check_cancellation_fee
delieries to {{Delivery City}},delivery_options
is it possible to talk to customer assistance?,contact_customer_service
is it possible to report a payment error?,payment_issue
how can I inform of a payment error?,payment_issue
I try to notify of errors with online payment,payment_issue
could you help me to notify of an issue with payments?,payment_issue
what do I need to do to see the methods for shipment?,delivery_options
i expect a reimbursement of {{Refund Amount}} dollars,track_refund
I have to see in which cases can I sak for reimbursements,check_refund_policy
help to speak with customer support,contact_customer_service
wanna contact damn customer service i need help,contact_customer_service
"I have to see the status of my rebate, how to do it?",track_refund
"I entered a wrong address, how do I update it?",change_shipping_address
show withdrawal fees,check_cancellation_fee
help to inform of troubles with online payments,payment_issue
i have to check ur refund policy can i get some help,check_refund_policy
termination charges,check_cancellation_fee
checking the shipment options,delivery_options
I have troubles trying to change my shipping address,change_shipping_address
i want help contacting customer support,contact_customer_service
I need help to see in which cases can I request refunds,check_refund_policy
I try to inform of an issue with online payments,payment_issue
I expect a compensation of {{Refund Amount}} dollars,track_refund
"I am looking for the delivery methods, help me find them",delivery_options
I am waiting for a rebate of {{Refund Amount}} dollars,track_refund
can uhelp me to see the withdrawal fee,check_cancellation_fee
I want help seeing what hours I can call customer assistance,contact_customer_service
"I entered a wrong shipping address, can I correct it?",change_shipping_address
help me see what shipping methods are there,delivery_options
I want to check what methods for delivery you offer,delivery_options
I want to see in what cases can I ask for refunds,check_refund_policy
I need help to solve a problem with payments,payment_issue
checking the available methods for shipment,delivery_options
help me calling customer assistance,contact_customer_service
i want help to see in what cases can irequest refunds,check_refund_policy
I have to see in which cases can I ask to be reimbursed,check_refund_policy
problem updating delivery address,change_shipping_address
I need assistance cancelling purchase {{Order Number}},cancel_order
how to check the early termination fee ?,check_cancellation_fee
I want help seeing in what situations can I request a refund,check_refund_policy
can you give me information about editing my address?,change_shipping_address
can ya help me see u refund policy,check_refund_policy
I need assistance seeing how long the goddamn refunds take,check_refund_policy
problems with a delivery address update,change_shipping_address
"I want to update the address, I need assistance",change_shipping_address
I have to check in what cases can I ask for a reimbursement,check_refund_policy
assistance checking what hours I can call customer service,contact_customer_service
I have to check in what cases can I request my money back,check_refund_policy
what do i need to do to correct my shipping address,change_shipping_address
where to see the bloody rebate current status?,track_refund
where to check what hours I can reach customer service?,contact_customer_service
need to see how long refunds take can i get somehelp,check_refund_policy
I need assistance seeing what shipment methods are available,delivery_options
I have got to know if there are any news on my compensation,track_refund
wanna report troubles with onlpine payment,payment_issue
can you help me checking the termination charges?,check_cancellation_fee
is it possible to see in what cases can I request refunds?,check_refund_policy
notifyof issues with online payment,payment_issue
assistance changing the shippikng address,change_shipping_address
what do I need to do to cancel order {{Order Number}}?,cancel_order
how do i check what hours i can call customer support,contact_customer_service
I need help cancelling order {{Order Number}},cancel_order
I want assistance trying to correct my address,change_shipping_address
I want assistance informing of a trouble with payment,payment_issue
i need help to check the cancellation penalty,check_cancellation_fee
cn I place an order from {{Delivery City}}?,delivery_options
I need help trying to hcange the bloody delivery address,change_shipping_address
help me check what hours I can reach customer assistance,contact_customer_service
I need assistance checking the early termination charges,check_cancellation_fee
assistance to cancel purchase {{Order Number}},cancel_order
I want assistance cancelling purchase {{Order Number}},cancel_order
I need assistance canceling purchase {{Order Number}},cancel_order
i have got to see how long reimbursements take,check_refund_policy
issue with payment,payment_issue
I need help cancelling order {{Order Number}},cancel_order
i have to see what hours i can call customer support,contact_customer_service
where can I know if there is anything new on the refund?,track_refund
i need assistance informing of problems with online payment,payment_issue
could you help me inform of troubles with payment?,payment_issue
i bought some product help me canceling order {{Order Number}},cancel_order
I want assistance seeing the early termination fee,check_cancellation_fee
"my card was declined, inform of an error with payments",payment_issue
"I do not want the item I purchased, can I cancel the order?",cancel_order
can i place an order from {{Delivery City}},delivery_options
can i check the termination fee,check_cancellation_fee
i do not know what to do to report a trouble with payment,payment_issue
help checking what hours I can call customer service,contact_customer_service
I need assistance to cancel purchase {{Order Number}},cancel_order
i try to check whathours customer support available is,contact_customer_service
i dont know what to do to see the termination penalty,check_cancellation_fee
how can I cancel purchase {{Order Number}}?,cancel_order
where do I check if there are any news on the reimbursement?,track_refund
is it possible to cancel purchase {{Order Number}} ?,cancel_order
is it possible to order from {{Delivery Country}}?,delivery_options
I need help to cancel purchase {{Order Number}},cancel_order
want help reporting bloody troubles with payments,payment_issue
i dont know what i have to do to track the restitution,track_refund
help to check what hours I can call customer support,contact_customer_service
i can no longer afford order {{Order Number}} could i cancel it,cancel_order
can you give me information about the damn shipment options?,delivery_options
how to see at what time i can reach customer support,contact_customer_service
need to inform of a fucking issue with payments help me,payment_issue
how do I check what shipment options you offer?,delivery_options
help to check in whatcases can I request my money back,check_refund_policy
how can I check if there is anything new on the restitution?,track_refund
I'm trying to see my refund current status,track_refund
have problems with a shipping address modification,change_shipping_address
I need help tracking the restitution,track_refund
can ya help mw to solve errors with payment,payment_issue
could you help me see my compensation current status?,track_refund
what do I have to do to see the withdrawal charge?,check_cancellation_fee
seeing reimbursement status,track_refund
I cannot find the early termination charge,check_cancellation_fee
I want support trying to edit my shipping address,change_shipping_address
want support trying to upate my shipping address,change_shipping_address
"I need to talk with customer support, how todo it?",contact_customer_service
want help to report problems with online payment,payment_issue
can you help me to see if there are any news on my refund?,track_refund
I want help to notify of issues with payment,payment_issue
need to check if there are any updates on my reimbursement,track_refund
I am trying to report a payment error,payment_issue
i need assistance cancelling order {{Order Number}},cancel_order
can I check in which cases can I request a refund?,check_refund_policy
help canceling purchase {{Order Number}},cancel_order
is it possible to talk to customer service,contact_customer_service
hel me speak to customer service,contact_customer_service
I would like to speak with goddamn customer  assistance,contact_customer_service
I need help to notify of an error with payments,payment_issue
I cannot edit my shipping address,change_shipping_address
need assistance correcting the delivery  address,change_shipping_address
I have got to check the early exit fee,check_cancellation_fee
do you have a phone number to contact customer assistance?,contact_customer_service
help seeing what hours i can call customer support,contact_customer_service
i dont want ordr {{Order Number}} could uhelp me cancel it,cancel_order
do ya deliver to {{Delivery City}},delivery_options
I need help to see the cancellation fee,check_cancellation_fee
I want help to track the compensation,track_refund
"I have to talk with customer assistance, how can I do it?",contact_customer_service
I'm waiting for a compensation of {{Refund Amount}} dollars,track_refund
I do not know how I can check your money back guarantee,check_refund_policy
can you help me seeing the methods for shipping?,delivery_options
want supports trying to modify the delivery address,change_shipping_address
I don't know what I have to do to see your refund policy,check_refund_policy
I need assistance to check my restitution status,track_refund
i want assistance to edit the delivery address,change_shipping_address
what do I have to do to check the status of my rebate?,track_refund
could you help me cancel purchase {{Order Number}}?,cancel_order
where can i see at what time i can reach customer assistance,contact_customer_service
I have an error updating my address,change_shipping_address
can i place an order from {{Delivery City}},delivery_options
notifying of trouble with payment,payment_issue
is it possible to notify of troubles with online payments?,payment_issue
need help seeing the termination chaeges,check_cancellation_fee
i need help to inform of troubles with payment,payment_issue
check under which circumstances can I request my money back,check_refund_policy
I don't know how to report an issue with online payments,payment_issue
i want help seeing what hours i can call customer support,contact_customer_service
"I need to check the rebate current status, can you help me?",track_refund
report issues with payments,payment_issue
I do not know what to do to report an error with payment,payment_issue
need help canceling purchase {{Order Number}},cancel_order
can I check what hours I can reach customer support?,contact_customer_service
can I see in which cases can I ask to be reimbursed?,check_refund_policy
I want assistance to call customer service,contact_customer_service
I need to see what delivery methods you offer,delivery_options
could you help me see if there are any news on my rebate?,track_refund
I need assistance cancelling purchase {{Order Number}},cancel_order
do ya ship to {{Delivery Country}},delivery_options
I don't know what I have to do to see the delivery options,delivery_options
I try to check what hours I can call customer support,contact_customer_service
I have got to contact customer assistance,contact_customer_service
can you help me to check the early termination charge ?,check_cancellation_fee
need help checking trhe early exit charge,check_cancellation_fee
how could I track the compensation?,track_refund
I want help checking in what cases can I request a refund,check_refund_policy
do you have a free number to talk to customer assistance?,contact_customer_service
can I place an order from {{Delivery Country}}?,delivery_options
"I have got to track the restitution, how can I do it?",track_refund
"I have to check the early exit charge, I need help",check_cancellation_fee
cancel purchase {{Order Number}},cancel_order
how do I call customer assistance?,contact_customer_service
help to see if there is anything new on the damn refund,track_refund
I want assistance to cancel purchase {{Order Number}},cancel_order
I want help seeing in which cases can I ask to be refunded,check_refund_policy
what do I need to do to check the withdrawal fee?,check_cancellation_fee
solve problems with apyment,payment_issue
can I check at what time I can call customer service?,contact_customer_service
"I want to contact customer support, could you help me?",contact_customer_service
"I bought some items, help canceling order {{Order Number}}",cancel_order
i dont know how i can check ur reimbursement policy,check_refund_policy
do uship to {{Delivery City}},delivery_options
i need assistance cancelling purchase {{Order Number}},cancel_order
"I expect a restitution of {{Refund Amount}} dollars, was it processed",track_refund
were do i report troubles with payment,payment_issue
i cannot find the early termination chaarges,check_cancellation_fee
I'm waiting for a fucking compensatio of {{Refund Amount}} dollars,track_refund
i expect a reimbursxement of {{Currency Symbol}}{{Refund Amount}},track_refund
can ya help me cancel purchase {{Order Number}},cancel_order
"I want to see your money back guarantee, how could I do it?",check_refund_policy
where do I notify of a payment problem?,payment_issue
I need assistance seeing my reimbursement current status,track_refund
"I want to check how long reimbursements take, I need help",check_refund_policy
I am waiting for a rebate of {{Refund Amount}} dollars,track_refund
do ya ship toJapan,delivery_options
i want help to get in touch with customer service,contact_customer_service
where can i find information about the methods for shipment,delivery_options
do you deliver to {{Delivery City}} ?,delivery_options
i xepect a refund of {{Currency Symbol}}{{Refund Amount}},track_refund
help to cancel purchase {{Order Number}},cancel_order
I nmeed assistance calling customer support,contact_customer_service
want assistance informing of an error with online payment,payment_issue
i have tp see how long refunds take how to do it,check_refund_policy
I want help to report an issue with online payment,payment_issue
can I check in which cases can I request my damn money back?,check_refund_policy
how to see what options for delivery are there?,delivery_options
where do i check the termination penalty,check_cancellation_fee
I need help informing of troubles with online payment,payment_issue
wanna check the withdrawal penalty help me,check_cancellation_fee
can you help me getting in touch with customer service?,contact_customer_service
can you help me get in touch with customer service?,contact_customer_service
"I have got to see what delivery options you offer, help me",delivery_options
how to update my  shipping address?,change_shipping_address
do you shp to {{Delivery City}}?,delivery_options
"I ordered some article, cancel purchase {{Order Number}}",cancel_order
I need help checking the withdrawal fee,check_cancellation_fee
I can't track my reimbursement,track_refund
can I place an ordewr from {{Delivery Country}}?,delivery_options
I don't know how to get in touch with customer support,contact_customer_service
I want assistance notifying of issues with payment,payment_issue
have a question about an address update,change_shipping_address
help me check the early termination fees,check_cancellation_fee
I have to check what hours I cann reach customer assistance,contact_customer_service
have a problem with cancelling purchase {{Order Number}},cancel_order
help me checking the withdrawal fee,check_cancellation_fee
"I need to check what shipping options you offer, help me",delivery_options
there is a problem trying to update my shipping address,change_shipping_address
"I expect a compenastion of {{Currency Symbol}}{{Refund Amount}}, was it processed already",track_refund
i have got to update my shipping address,change_shipping_address
"I expect a refund of {{Currency Symbol}}{{Refund Amount}}, has it been processed already?",track_refund
i need help cancelling puchase {{Order Number}},cancel_order
I want support trying to change my address,change_shipping_address
I'm waiting for a restitution of {{Currency Symbol}}{{Refund Amount}},track_refund
i need help with cancelliung order {{Order Number}},cancel_order
"I want to see the goddamn shipment methods, how to do it?",delivery_options
i dont want purchase {{Order Number}},cancel_order
can you help me to check what shipment methods I have?,delivery_options
I have an issue trying to correct my address,change_shipping_address
help me seeing the withdrawal penalty,check_cancellation_fee
do uhave a free damn no to talk to customer service,contact_customer_service
do you deliver to {{Delivery Country}}?,delivery_options
I need assistance to check the goddamn withdrawal charge,check_cancellation_fee
I try to cancel purchase {{Order Number}},cancel_order
need assistance correcting the address,change_shipping_address
I need assistance notifying of errors with online payments,payment_issue
help checking in what cases can i ask to be reimbursed,check_refund_policy
I'm waiting for a damn refund of {{Currency Symbol}}{{Refund Amount}},track_refund
how do i inform of troubles with online payment,payment_issue
"I want to see what shipment options I have, how can I do it?",delivery_options
there is a problem correcting the delivery address,change_shipping_address
I do not know what I need to do to inform of payment errors,payment_issue
help notifying of an error with payment,payment_issue
assistance checking what shipping options are there,delivery_options
help me see in which situations can I ask for myt money back,check_refund_policy
I want assistance to cancel purchase {{Order Number}},cancel_order
i expect a refund of {{Refund Amount}} dollars,track_refund
where do I cancel order {{Order Number}}?,cancel_order
i have to see in which cases can i askfor my money back,check_refund_policy
I need to know if there is anything new on the restitution,track_refund
check under which circumstances can I ask to be refunded,check_refund_policy
I nee assistance to cancel purchase {{Order Number}},cancel_order
I need help talking with customer service,contact_customer_service
I am trying to see the current status of the compensation,track_refund
i do not know what i have to do to check the cancellation fe,check_cancellation_fee
i do not know how i can see the early exit penalties,check_cancellation_fee
cn I place an order from {{Delivery City}}?,delivery_options
help to call customer assistance,contact_customer_service
where do i see at what time i can reach customer support,contact_customer_service
I need assistance modifying my shipping address,change_shipping_address
how do I report issues with online paymnets?,payment_issue
help me to check how long reimbursements usuaoly take,check_refund_policy
customer assistance mail address,contact_customer_service
help  with cancelling order {{Order Number}},cancel_order
i dont know how i can speak with customer service,contact_customer_service
help me to cancel purchase {{Order Number}},cancel_order
want assistance checking what shipment methods i have,delivery_options
"I can't afford this product, cancel order {{Order Number}}",cancel_order
can I place a bloody order from {{Delivery City}}?,delivery_options
i want help canceling purchase {{Order Number}},cancel_order
help to check what shipment options are there,delivery_options
show me in which cases can I ask for refunds,check_refund_policy
can you help me talk to customer assistance ?,contact_customer_service
I expect a rebate of {{Currency Symbol}}{{Refund Amount}},track_refund
want assistance to talk to customer service,contact_customer_service
can you help me speaking to customer assistance?,contact_customer_service
in what cases can I ask foir a refund?,check_refund_policy
how can i see what hours i can reach custimer service,contact_customer_service
can ya help me modify the shipping address,change_shipping_address
help me notify of issues with online payments,payment_issue
i have an issue changing my shipping address,change_shipping_address
i dont want order {{Order Number}},cancel_order
i expect a compensation of {{Refund Amount}} dollars,track_refund
I need assistance to check the early exit penalty,check_cancellation_fee
I don't know how I can see the early termination penalties,check_cancellation_fee
how do I see the current status of the reimbursement?,track_refund
what do i need to do to report an issue with online payment,payment_issue
do you have an e-mail address to contact customer support?,contact_customer_service
can I check in what cases can I ask to be reimbursed?,check_refund_policy
can ya help me update my delivery address,change_shipping_address
i have got to see in which situations can i request a refund,check_refund_policy
need to speak to customersupport can ya help me,contact_customer_service
"I have to get in touch with customer service, I need help",contact_customer_service
"the delivery address changed, could I change it?",change_shipping_address
I can't change my address,change_shipping_address
I havbe problems updating my delivery address,change_shipping_address
help me solving a trouble with payment,payment_issue
I do not know how I can see the current status of the refund,track_refund
help me seeing the early exit fee,check_cancellation_fee
"I have to see the methods for shipping, I need help",delivery_options
"I want to correct my address, I need help",change_shipping_address
I expect an rebate of {{Refund Amount}} dollars,track_refund
I'm waiting for a compensation of {{Currency Symbol}}{{Refund Amount}},track_refund
I expect a reimbursement of {{Currency Symbol}}{{Refund Amount}},track_refund
I want help to check the early termination fees,check_cancellation_fee
how do I see at what time I can contact customer service?,contact_customer_service
is it possible toorder from {{Delivery City}},delivery_options
can ya help me cancel order {{Order Number}},cancel_order
can you help me talk with customer assistance?,contact_customer_service
can I check at what time I can reach customer support?,contact_customer_service
help with payments,payment_issue
want help informing of a trouble with payment,payment_issue
assistance checking the restitution current status,track_refund
could I see your reimbursement policy?,check_refund_policy
i have gotto check ur damn refund policy help me,check_refund_policy
I need to notify of troubles with payment,payment_issue
report payment issue,payment_issue
assistance cancelling order {{Order Number}},cancel_order
is it possible to place na order from {{Delivery Country}},delivery_options
I'm waiting for a rebate of {{Currency Symbol}}{{Refund Amount}},track_refund
where to see the early termination charges?,check_cancellation_fee
I need assistance cancelling purcjase {{Order Number}},cancel_order
check under which circumstances can I request refunds,check_refund_policy
tell me what hours i can get in touch wit customer service,contact_customer_service
show me what shipping options you offer,delivery_options
tell me at what time i can reach customer support,contact_customer_service
can I see in which cases can I ask to be refunded?,check_refund_policy
could you help me to correct my shipping address?,change_shipping_address
wanna see what hours customer support available is,contact_customer_service
can you help me see the damn withdrawal charge?,check_cancellation_fee
check in which cases can I ask for a fucking reimbursement,check_refund_policy
how do I notify of an issue with payment?,payment_issue
can I edit my shipping address?,change_shipping_address
I want supports trying to edit my address,change_shipping_address
wanna check in what cases can i ask to be reimbursed,check_refund_policy
I'm waiting for a restitution oof {{Currency Symbol}}{{Refund Amount}},track_refund
I ned assistance solving an error with payments,payment_issue
I want information about the delivery methods,delivery_options
help checking in which cases can I ask to be reimbursed,check_refund_policy
help me check what delivery methods I can choose,delivery_options
i have to see what hours i can contact customer uspport,contact_customer_service
I have got to see the early exit fee,check_cancellation_fee
how to checkur goddamn money back guarantee,check_refund_policy
can I place an order from {{Delivery City}}?,delivery_options
where do I check the early exit fee?,check_cancellation_fee
need help checking if there are any updates on the refund,track_refund
need assistance notifying of a problen with payment,payment_issue
could you help me see my rebate status?,track_refund
i have got to check the rebate current status,track_refund
could you help me to cancel purchase {{Order Number}}?,cancel_order
I want help to see what hours I can call customer assistance,contact_customer_service
assistance with cancelling purchase {{Order Number}},cancel_order
I need help to notify of troubles with payment,payment_issue
I do not know how to check what shipping methods are there,delivery_options
i do nmot know what to do to change my delivery address,change_shipping_address
cancelling purchase {{Order Number}},cancel_order
check termnation charge,check_cancellation_fee
Iam trying to notify of troubles with online payment,payment_issue
I can't find the  termination charge,check_cancellation_fee
I have to see how long reimbursements take,check_refund_policy
help me checking the goddamn status of the compensation,track_refund
assistance to see what shipping options I can choose,delivery_options
help to check what hours customer assistance available is,contact_customer_service
i have to see the early exit chrge can i get some help,check_cancellation_fee
I can't see if there is anything new on the refund,track_refund
i dont know how to notify of troublse with payments,payment_issue
"I chose a wrong address by mistake, I want to modify it",change_shipping_address
could you tell me what hours customer support available is?,contact_customer_service
I want assistance to check what shipping options are there,delivery_options
help me reporting an issue wigh online payment,payment_issue
shiping to {{Delivery City}},delivery_options
help me to change the delivery address,change_shipping_address
i need information about editing the shipping address,change_shipping_address
"I need to see how long refunds usually take, how to do it?",check_refund_policy
what do i need to do to hceck the termination charge,check_cancellation_fee
can I see in what cases can I ask for reimbursements?,check_refund_policy
can ya help me talk to customer assistance,contact_customer_service
I want assistance to contact customer support,contact_customer_service
want help to see in what cases can i ask for reimbursements,check_refund_policy
how to correct the  shipping address?,change_shipping_address
I want help trying to correct my shipping address,change_shipping_address
can you help me see the withdrawal penalties?,check_cancellation_fee
were do I see the early termination charges?,check_cancellation_fee
in whichsituations can i ask for a refund,check_refund_policy
help checking the status of the restitution,track_refund
could ya help  me to report a payment problem,payment_issue
my adddress changed how can i update it,change_shipping_address
could you help me to see the withdrawal charges?,check_cancellation_fee
"I can no longer afford purchase {{Order Number}}, cancel it",cancel_order
"I have to see the status of the rebate, will you help me?",track_refund
i need assistance checking what methods for delivery i have,delivery_options
I am waiting for a restitution of {{Currency Symbol}}{{Refund Amount}},track_refund
help to see in which cases can I request ym money back,check_refund_policy
want assistance to report a trouble with online payments,payment_issue
I want support editing my address,change_shipping_address
I try to speak to customer service,contact_customer_service
what do I need to do to see the terminbation fee?,check_cancellation_fee
there are issues trying to edit the shipping address,change_shipping_address
is it possible to check the withdrawal charge?,check_cancellation_fee
were to see at what time I can contact customer service?,contact_customer_service
I try to see my compensation current status,track_refund
I have got to check your refund policy,check_refund_policy
I do not know how I ca cancel order {{Order Number}},cancel_order
"I have to check the withdrawal fees, could you help me ?",check_cancellation_fee
help me canceling purchase {{Order Number}},cancel_order
i need assistance to cancel order {{Order Number}},cancel_order
how to see if there are any updates on the refund?,track_refund
"I submitted a wrong address, edit it",change_shipping_address
I have got to cancel purchase {{Order Number}},cancel_order
how could I check the early exit penalties?,check_cancellation_fee
i want assistance to notify of errors with online payment,payment_issue
need to check in which cases can i ask for reimbursements,check_refund_policy
would it be possible to notfy of an error with payments,payment_issue
I do not know how to get in touch with customer assistance,contact_customer_service
where can I see if there are any updates on the restitution?,track_refund
i have got toreport an issue with online payment,payment_issue
do you deliver to {{Delivery City}}?,delivery_options
how to modify my shippng address,change_shipping_address
I'm waiting for an refund of {{Currency Symbol}}{{Refund Amount}},track_refund
I need to check the withdrawal charge,check_cancellation_fee
I expect a rebate of {{Refund Amount}} dollars,track_refund
help talking with customer service,contact_customer_service
"I have to check the shipment methods, can you help me?",delivery_options
help me talk to customer support,contact_customer_service
I don't know what to do to notify of payment errors,payment_issue
hsipping to {{Delivery Country}},delivery_options
need assistance checking my refund current status,track_refund
can ya help me to solve a payment problem,payment_issue
i cannot poay for purchase {{Order Number}},cancel_order
can you help me to solve errors with payment?,payment_issue
where to notify of problems with online payments?,payment_issue
I expect a reimbursement of {{Currency Symbol}}{{Refund Amount}},track_refund
is it possible to order from {{Delivery City}},delivery_options
assistance checking the termination fees,check_cancellation_fee
would it be possible to place a fucking order from {{Delivery City}},delivery_options
need help to report an issue with payment,payment_issue
"I have got to check the shipment methods, how to do it?",delivery_options
customer service e-mail,contact_customer_service
"I have to speak with customer support, how do I do it?",contact_customer_service
need to talk to customer service will ya helpme,contact_customer_service
I do not know what to do to see the compensation status,track_refund
"I have to check the early exit fee, I need assistance",check_cancellation_fee
is it possible to place a goddamn order from {{Delivery Country}},delivery_options
I'm waiting for a restitution of {{Currency Symbol}}{{Refund Amount}},track_refund
I need support modifying the address,change_shipping_address
is it possible to order from {{Delivery Country}},delivery_options
I need help getting in touch with customer assistance,contact_customer_service
help to see your money back policy,check_refund_policy
i need help chanigng the shipping address,change_shipping_address
I am waiting for a reimbursement of {{Refund Amount}} dollras,track_refund
tell me what hours I can get in touch with customer support,contact_customer_service
asistance cancelling purchase {{Order Number}},cancel_order
help me seeing how long the damn reimbursements take,check_refund_policy
where do I inform of errors with online payments?,payment_issue
"I chose a wrong shipping address, can I correct it?",change_shipping_address
i need assistance to notify of an trouble with payment,payment_issue
"I need to call customer assistance, how could I do it?",contact_customer_service
I want to talk with customer support,contact_customer_service
i dont know what i need to do to correct theaddress,change_shipping_address
need help seeing ur reimbursement policy,check_refund_policy
check your money back policy,check_refund_policy
how could i see the status of my refund,track_refund
I am trying to cancel purchaes {{Order Number}},cancel_order
"I can't afford purchase {{Order Number}}, could you cancel it?",cancel_order
i have got to see what hours i can call customer support,contact_customer_service
ucstomer service mail address,contact_customer_service
I need to check the withdrawal fee,check_cancellation_fee
where could I check the current status of my restitution?,track_refund
I am waiting for a rebate of {{Currency Symbol}}{{Refund Amount}},track_refund
I try to check what hours customer support available is,contact_customer_service
i no longer want order {{Order Number}},cancel_order
do you deliver to {{Delivery City}} ?,delivery_options
I do not know how I can cancel purchase {{Order Number}},cancel_order
how can i find information about chhanging my address,change_shipping_address
help me to see what hours customer support available is,contact_customer_service
I need help with cancelling purchase {{Order Number}},cancel_order
I want help seeing if there are any news on my reimbursement,track_refund
"I can't pay, can you help me report a problem with payment?",payment_issue
assistance to check what shipping options uoffer,delivery_options
I need assistance to see the termination charges,check_cancellation_fee
I have issues editing my address,change_shipping_address
I have to sde in what cases can I request a refund,check_refund_policy
i want assistance seeing the compensation current status,track_refund
how can I update my bloody address?,change_shipping_address
how to see the status of the compensation?,track_refund
I don't want purchase {{Order Number}},cancel_order
I have to check what shipping methods I can choose,delivery_options
would it be possible to check the shipping methods?,delivery_options
can you show me the withdrawal penalties?,check_cancellation_fee
how do I get in touch with customer assistance?,contact_customer_service
could you help me modify the shipping address?,change_shipping_address
I need help cacneling order {{Order Number}},cancel_order
i do not know how i can canmcel order {{Order Number}},cancel_order
assistance cancelling purchase {{Order Number}},cancel_order
I don't know how I can see the cancellation fee,check_cancellation_fee
is it possible to order from {{Delivery City}},delivery_options
"I need to see the early exit penalties, can I get some help?",check_cancellation_fee
I want help to check what shipping options I have,delivery_options
cancel purchase {{Order Number}},cancel_order
where do I update the delivery address?,change_shipping_address
I try to see in what situations can I request to be refunded,check_refund_policy
where to report errors with online payment?,payment_issue
help checking in which cases can I ask for reimbursements,check_refund_policy
I have a problem with canceling purchase {{Order Number}},cancel_order
could I check if there are any updates on my goddamn rebate?,track_refund
help me modifying the adress,change_shipping_address
I need help checking what delivery methods I can choose,delivery_options
i do not know how i can see the cancellation charge,check_cancellation_fee
problems with cancelling order {{Order Number}},cancel_order
I need help to check the early exit penalty,check_cancellation_fee
I want help canceling purchase {{Order Number}},cancel_order
is it possibleto place an order from {{Delivery City}},delivery_options
I need to see in what cases can I ask for a reimbursement,check_refund_policy
I want assistance editing the shipping address,change_shipping_address
help to know if there are any news on my restitution,track_refund
I do not know what I have to do to see the shipping options,delivery_options
how do I see if there are any updates on my compensation?,track_refund
i have a problem with canceling purchase {{Order Number}},cancel_order
"I need to speak to customer support, could you help me?",contact_customer_service
I need to see the withdrawal fees,check_cancellation_fee
I want supports trying to edit the delivery address,change_shipping_address
"I have got to modify my address, how can I do it?",change_shipping_address
how do i cancel purchase {{Order Number}},cancel_order
I am waiting for a refund of {{Currency Symbol}}{{Refund Amount}},track_refund
where can I report an error with payments?,payment_issue
i need help checking ur refund policy,check_refund_policy
I try to check what hours I can reach customer assistance,contact_customer_service
help me check the status of my reimbursement,track_refund
what do I need to do to see my compensation current status?,track_refund
I don't knpw how to report payment issues,payment_issue
"I can't pay for this item, cancel order {{Order Number}}",cancel_order
is it possible to see if there are any updates on my refund,track_refund
can I order from {{Delivery City}}?,delivery_options
shipping to {{Delivery Country}},delivery_options
I need help to call damn customer support,contact_customer_service
I cannot edit the shipping address,change_shipping_address
"I have to speak to customer assistance, how to do it?",contact_customer_service
where can i see the early termination fees,check_cancellation_fee
can ya help me to solve probelms with payment,payment_issue
I try to call goddamn customer service,contact_customer_service
is it possible to place an order from {{Delivery Country}}?,delivery_options
find information about the shipment methods,delivery_options
II need support trying to edit the address,change_shipping_address
want assistance solving an error with payment,payment_issue
I want assistance to see what shipment options are available,delivery_options
"I would like to track the reimbursement, how could I do it?",track_refund
i expect an rebate of {{Currency Symbol}}{{Refund Amount}},track_refund
where to report issues with online payments,payment_issue
Iwant to report an issue with online payments,payment_issue
I don't know how I can check the withdrawal penalty,check_cancellation_fee
cance order {{Order Number}},cancel_order
help to cancel purchase {{Order Number}},cancel_order
I have troubles changing the fucking address,change_shipping_address
"I have got to talk to bloody customer support, I need help",contact_customer_service
i do not know what to do to modify my address,change_shipping_address
I don't know how I can check my restitution status,track_refund
error correcting delivery address,change_shipping_address
where could I cancel purchase {{Order Number}}?,cancel_order
i dont know what i have to do to talk with customer service,contact_customer_service
help me to check the sxtatus of my reimbursement,track_refund
i cant make a payment i wanna repotr a problem,payment_issue
can you show me in which cases can I request a refund?,check_refund_policy
want assistance to check the withdrawal fees,check_cancellation_fee
i do not know what to do to cancel order {{Order Number}},cancel_order
what do I have to do to see what delivery methods I have?,delivery_options
want help to check in what cases can i request refunds,check_refund_policy
help me to check the early exit charge,check_cancellation_fee
assistance seeing in what cases can i request reimbursements,check_refund_policy
I'm waiting for a restitution of {{Refund Amount}} dollars,track_refund
I need to check in which cases can I request reimbursements,check_refund_policy
"I have to talk with customer support, I need help",contact_customer_service
can I talk to customer support?,contact_customer_service
need assistance checking the termiation fee,check_cancellation_fee
how can i check the current status of my compensation,track_refund
I try to modify the shopping address,change_shipping_address
i need assistance checking the termination fee,check_cancellation_fee
"I bought some item, cancel order {{Order Number}}",cancel_order
I can't correct my bloody shipping address,change_shipping_address
can i order from {{Delivery City}},delivery_options
I want assistance checking your reimbursement policy,check_refund_policy
problems correcting address,change_shipping_address
i need assistance seeing my refund current status,track_refund
help solving troubles with online payment,payment_issue
can you help me see what methods for delivery I have?,delivery_options
I want help to see my rebate current status,track_refund
help me checking what options for delivery i have,delivery_options
tghere is a problem trying to change the delivery address,change_shipping_address
where do I report a payment issue?,payment_issue
"I have to track my compensation, can you help me?",track_refund
I do not know what to do to call customer assistance,contact_customer_service
I am waiting for a restitution of {{Refund Amount}} dollars,track_refund
where can I find information about an address update?,change_shipping_address
where do I cancel purchase {{Order Number}}?,cancel_order
help seeing in what cases can i request to be reimbursed,check_refund_policy
I am waiting for a compensation of {{Refund Amount}} doolars,track_refund
hgow can I inform of issues with payments?,payment_issue
I have to change the delivery adfress,change_shipping_address
want help to inform of an issue with online payments,payment_issue
i try to get in touch with customer assistance,contact_customer_service
I don't know what I have to do to change my address,change_shipping_address
I do not know how I can check the status of my rebate,track_refund
want help seeing the early termination fee,check_cancellation_fee
"I want to see what shipping methods are there, help me",delivery_options
I need to see your refund policy,check_refund_policy
I'm waiting for a reimbursement of 350dollars,track_refund
I need assistance tracking my reimbursement,track_refund
I don't know how to cancel purchase {{Order Number}},cancel_order
wanna check what hours i can call customer  service,contact_customer_service
do you deliver to {{Delivery City}}?,delivery_options
i dont want this order cancel purchase {{Order Number}},cancel_order
I am looking for information about an address modification,change_shipping_address
can I place an order from {{Delivery City}}?,delivery_options
"I have to see the early exit penalty, I need help",check_cancellation_fee
i do not know how to cancel order {{Order Number}},cancel_order
shipments to {{Delivery City}},delivery_options
I don't want order {{Order Number}},cancel_order
I have a proble with canceling purchase {{Order Number}},cancel_order
canmcel order {{Order Number}},cancel_order
I need help to call customer assistance,contact_customer_service
need assistance informing of problems with online payment,payment_issue
help me see at what time customer support available is,contact_customer_service
can youshow me what hours I can contact customer support?,contact_customer_service
cancel purchase  {{Order Number}},cancel_order
need help checking whatt hours customer support available is,contact_customer_service
i need help to solve an error with online payments,payment_issue
need help to check whathours i can call customer assistance,contact_customer_service
help me check what hours i can reach customer support,contact_customer_service
can you help me to solve issues with online payment?,payment_issue
can uhelp me canceling order {{Order Number}},cancel_order
assistance checking the early exit penalties,check_cancellation_fee
help me rport a trouble with online payments,payment_issue
how can I check your reimbursement policy?,check_refund_policy
could I know if there are any updates on my rebate?,track_refund
need assistance solving an issue with online paymenst,payment_issue
what do I have to do to check the status of the rebate?,track_refund
I do not know how I can see the methods for shipping,delivery_options
need assistance checking the early exit fees,check_cancellation_fee
I want to cancle purchase {{Order Number}},cancel_order
"I have bought some items, cancel order {{Order Number}}",cancel_order
can i place a  fucking order from {{Delivery City}},delivery_options
help trying to edit my delivery address,change_shipping_address
I do not know how to inform of errors with online payments,payment_issue
i want assistace trying to correct the shipping address,change_shipping_address
need help with cancelling purchase {{Order Number}},cancel_order
i have to check the termination fees,check_cancellation_fee
need help checking in what situations can I request refunds,check_refund_policy
help canceling purchase {{Order Number}},cancel_order
"I bought some item, cancel order {{Order Number}}",cancel_order
"I need to see the cancellation fees , how to do it?",check_cancellation_fee
I want assistance notifying of an error with online payment,payment_issue
support changing the address,change_shipping_address
could you help me cancelling purchase {{Order Number}}?,cancel_order
there is a problem trying to edit the address,change_shipping_address
I need to check how long the goddamn reimbursements take,check_refund_policy
is it possible to see the early exit penalties,check_cancellation_fee
is it possible to check what shipping methods I have?,delivery_options
where do i inform of a trouble with online payment,payment_issue
can i check under which circumstances can i request a refund,check_refund_policy
I don't know how I can check the cancellation fee,check_cancellation_fee
i do not know what i nded to do to edit my delivery address,change_shipping_address
can ya show me in what situations can i ask to be reimbursed,check_refund_policy
could you tell me about updating my delivery address?,change_shipping_address
I want to know about editing my delivery address,change_shipping_address
where could I edit my delivery address?,change_shipping_address
I don't know how I can see the cancellation penalty,check_cancellation_fee
"I have got to see the delivery methods, how to do it?",delivery_options
I don't know what I have to do to report payment problems,payment_issue
I would like to see in which cases can I request refunds,check_refund_policy
I want help to speak to customer support,contact_customer_service
reporting  troubles with online payment,payment_issue
could i know if there are any news on the refund,track_refund
information about updating the shipping address,change_shipping_address
where can I notify of errors with payment ?,payment_issue
i dont know how i can check the cancellation fee,check_cancellation_fee
I want assistance reporting a trouble with payment,payment_issue
can I see at what time I can reach customer service?,contact_customer_service
how to correct my delivery address,change_shipping_address
I do not know how to see the termination fees,check_cancellation_fee
tell me at what time I can call customer assistance,contact_customer_service
is it possible to order from {{Delivery City}}?,delivery_options
I need assistance to repor errors with online payments,payment_issue
i have an error editing my delivery address,change_shipping_address
I try to see what hours I can call customer support,contact_customer_service
help me to see in what cases can i ask for my money back,check_refund_policy
I want help seeing your reimbursement policy,check_refund_policy
where to see the current status of the reimbursement,track_refund
can ushow me in which cases can i ask for reimbursements,check_refund_policy
i dont know how to inform of an issue with payments,payment_issue
I have an error changing the delivery address,change_shipping_address
can you help me informing of errors with payment?,payment_issue
what do I have to do to talk with cusromer support?,contact_customer_service
"I want to see what shipment options I have, how do I do it?",delivery_options
issue updating address,change_shipping_address
I need information about modifying my shipping address,change_shipping_address
help me to see what hours I can reach customer support,contact_customer_service
I dln't know how I can see the termination penalties,check_cancellation_fee
i have to cancel purchase {{Order Number}},cancel_order
hw can i see the early termination fee,check_cancellation_fee
I don't know how to contact customer assistance,contact_customer_service
i dont know how i can inform of a error with online payments,payment_issue
i dont know how to contact customer support,contact_customer_service
i try to check in which cases can i ask for an reimbursement,check_refund_policy
can i get in touch with customer support,contact_customer_service
i want help solving errors with online payments,payment_issue
I am trying to check the withdrawal charge,check_cancellation_fee
where do I inform of problems with online payments?,payment_issue
I don't know what to do t report issues with online payment,payment_issue
I have to see the early exit fee,check_cancellation_fee
where could I check the goddamn cancellation charge?,check_cancellation_fee
help to check in what cases can I ask for a reimbursement,check_refund_policy
show me under what circumstances can I ask for my money back,check_refund_policy
want assistance to notify of an erro with payment,payment_issue
i have a problem changing my delivery address,change_shipping_address
could you help me to solve payment errors?,payment_issue
I'm waiting for a reimbursement ofv {{Currency Symbol}}{{Refund Amount}} was it processed,track_refund
I would like to see the termination charges,check_cancellation_fee
how could I cancel purchase {{Order Number}}?,cancel_order
i do not know how i can check ur money back guarantee,check_refund_policy
where could I cancel purchase {{Order Number}}?,cancel_order
i want help to speak with customer assistance,contact_customer_service
can you help me to see the withdrawal fees?,check_cancellation_fee
need assistance to update the shipping address,change_shipping_address
I do not know what to do to edit the delivery address,change_shipping_address
information about a deliveryaddress change,change_shipping_address
I do not know how to know if there are any news on my rebate,track_refund
I would like to see what goddamn delivery options I have,delivery_options
assistance to cancel purchase {{Order Number}},cancel_order
how can i check ur money back guarantee,check_refund_policy
I'm trying to check in which cases can i ask for a refund,check_refund_policy
show me what hours I can call customer support,contact_customer_service
I need help seeing how long reimbursements take,check_refund_policy
i want support updating  the delivery address,change_shipping_address
where can I notify of issues with online payment?,payment_issue
i do not know what i need to do to correct my address,change_shipping_address
need to reoprt problems with online payment,payment_issue
i try to inform of problems with online payments,payment_issue
can you show me the early termination fee?,check_cancellation_fee
i have got ti see in which cases can i ask for a refund,check_refund_policy
are there early termination fees?,check_cancellation_fee
assistance to see your money back guarantee,check_refund_policy
I can't afford purchase {{Order Number}},cancel_order
i have issues editing the address,change_shipping_address
I'm waiting for a compensation of {{Refund Amount}} dollars,track_refund
is it possible to check the early termination charges?,check_cancellation_fee
help me see in what situations can I request a refund,check_refund_policy
could I order from {{Delivery Country}}?,delivery_options
is it possible to order from {{Delivery Country}}?,delivery_options
"I want to see the cancellation charges, how do I do it?",check_cancellation_fee
I try to see in which cases can I request to be refunded,check_refund_policy
can ya help me change my address,change_shipping_address
report an error with payments,payment_issue
show me in which cases can I request to be refunded,check_refund_policy
help me check in what cases can I request a reimbursement,check_refund_policy
I have got to check the methods for delivery,delivery_options
I want assistance to see your money back guarantee,check_refund_policy
I need to cancel purchase {{Order Number}},cancel_order
need assistance informing of a trouble with payment,payment_issue
help me to check the status of the restitution,track_refund
I am waiting for a compensation of {{Refund Amount}} doolars,track_refund
cancel order,cancel_order
"I cannot find the withdrawal penalty, could you help me?",check_cancellation_fee
can you tell me about updating the shipping address?,change_shipping_address
can I check the early termination penalty?,check_cancellation_fee
tell me more about updating the delivery address,change_shipping_address
"my shipping address has changed, I want to edit it",change_shipping_address
i expect a rebate of {{Currency Symbol}}{{Refund Amount}},track_refund
where can I get information about correcting the address?,change_shipping_address
want assistance notifying of payment issues,payment_issue
have problems wth canceling purchase {{Order Number}},cancel_order
uhave a free of charge number to contact customer support,contact_customer_service
i expect a compensation of1200 dollars has it been processed,track_refund
how do I update the shipping address?,change_shipping_address
can I order from {{Delivery Country}}?,delivery_options
I want help notifying of an issue with payments,payment_issue
I need assistance trying to change my address,change_shipping_address
I don't know how to see the restitution status,track_refund
problem with canceling order {{Order Number}},cancel_order
can ya help me cancel purchase {{Order Number}},cancel_order
I'm waiting for a restitution oof {{Currency Symbol}}{{Refund Amount}},track_refund
reporting troubles with online payment,payment_issue
I have an issue trying to modify my address,change_shipping_address
I'm waiting for a reimbursement ofv {{Currency Symbol}}{{Refund Amount}} was it processed,track_refund
I try to see what hours I can contact customer service,contact_customer_service
I have to see in which cases can I ask for a reimbursement,check_refund_policy
i do not know how i can see the terminationpenalty,check_cancellation_fee
is it possible to place an order from {{Delivery City}} ?,delivery_options
"I need to speak with customer support, help me",contact_customer_service
I do not know what I have to do to correct my address,change_shipping_address
need help to check the termination fee,check_cancellation_fee
I expect an reimbursement of {{Currency Symbol}}{{Refund Amount}},track_refund
I no longerr want purchase {{Order Number}},cancel_order
seeing your money back policy,check_refund_policy
I have to check what hours I can reach customer assistance,contact_customer_service
need help calling damn customer assistanec,contact_customer_service
i need assistance trying to edit my delivery address,change_shipping_address
I want information about changing the delivery address,change_shipping_address
help to see at what time I can contact customer support,contact_customer_service
how can i check if there are any news on my refund,track_refund
"I submitted a wrong delivery address, can I modify it?",change_shipping_address
want help checking ur reimbursement poliicy,check_refund_policy
I need assistance to report a trouble with online payments,payment_issue
I need to check in which cases can I ask for a reimbursement,check_refund_policy
need help with canceling purchase {{Order Number}},cancel_order
I want help to talk with customer assistance,contact_customer_service
what is your customer support phone number?,contact_customer_service
i need help with canceling order {{Order Number}},cancel_order
is it possible to order from {{Delivery City}} ?,delivery_options
I don't know how to see the withdrawal charge,check_cancellation_fee
where to see if there are any updates on my restitution,track_refund
do ya deliver to {{Delivery Country}},delivery_options
"I have to talk to customer service, how do I do it?",contact_customer_service
"I want to contact fucking customer support, how can I do it?",contact_customer_service
see what hours customer support available is,contact_customer_service
"I have got to see the cancellation charge, how to do it?",check_cancellation_fee
want assistance seeing what methods for delivery I have,delivery_options
i cannot pay want help to report errors with payments,payment_issue
in what situations can I request to be refunded ?,check_refund_policy
I do not know how to see the early termination charge,check_cancellation_fee
I do not know what to do to edit the shipping address,change_shipping_address
"I have got to see the fucking delivery methods, I need help",delivery_options
I try to check what hours customer assistance available is,contact_customer_service
i want help cancelling purchase {{Order Number}},cancel_order
want help seeing what options for delivery i can choose,delivery_options
help me to notify of an reror with payments,payment_issue
how do i check the current status of the reimbursement,track_refund
I am trying to find information about editing the address,change_shipping_address
I want help to see what hours I can call customer support,contact_customer_service
I do not know how to see what shipment methods I can choose,delivery_options
how to talk with customer service?,contact_customer_service
I am waiting for a reimbursement of {{Refund Amount}} dollras,track_refund
i want help to solve an issue with payments,payment_issue
help checking in what cases can I request my money back,check_refund_policy
"I hav to see your refund policy, how can I do it?",check_refund_policy
I want help checking the early termination fee,check_cancellation_fee
need help notifying of an error with payment,payment_issue
"I need to talk with customer service, how could I do it?",contact_customer_service
need help informing of a payment error,payment_issue
I can't edit my damn shipping address,change_shipping_address
I don't know what I need to do to see the shipment options,delivery_options
I'm trying to see in what cases can i request refunds,check_refund_policy
assistance with canceling purchase {{Order Number}},cancel_order
I need help seeing the cancellation fee,check_cancellation_fee
I want help seeing in what cases can I ask for refunds,check_refund_policy
want help checking what shipment methods you offer,delivery_options
i want help canceling order {{Order Number}},cancel_order
I want assistance seeing the bloody cancellation fee,check_cancellation_fee
ya have a free of charge number to reach customer service,contact_customer_service
awnna call customer support,contact_customer_service
i need assistance solving errors with payments,payment_issue
where can I cancel order {{Order Number}}?,cancel_order
is it possible to talk to customer assistance ?,contact_customer_service
see under what circumstances can I ask for a refund,check_refund_policy
i have to check what hours customer support available is,contact_customer_service
I need help seeing the cancellation penalty,check_cancellation_fee
I need help to see your reimbursement policy,check_refund_policy
"the payment failed, could I notify of an error with payment?",payment_issue
help me seeing ur refund policy,check_refund_policy
i want help to cancel order {{Order Number}},cancel_order
I don't know what I need to do to talk to customer service,contact_customer_service
where do I see what hours I can contact customer service?,contact_customer_service
I want help trying to moidfy my address,change_shipping_address
i do not know how i can cancel purchase {{Order Number}},cancel_order
wanna see ni which situations can i ask for a refund,check_refund_policy
help to check in which cases can I ask for refunds,check_refund_policy
I want help to check the termnation fees,check_cancellation_fee
assistance checking howlong reimbursements take,check_refund_policy
I need assistance correcting my shipping address,change_shipping_address
"I have entered a wrong address, can I modify it?",change_shipping_address
can ya help me solving issues with online payment,payment_issue
how can i notify of issues with online payment,payment_issue
how could I check what shipping options are available?,delivery_options
I need to check if there are any news on my restitution,track_refund
I expect a refund of {{Refund Amount}} dollars,track_refund
i need assistance to solve na issue with payment,payment_issue
need help to see what shipment options I can choose,delivery_options
help me tracking my compensation,track_refund
"I have got to see the cancellation penalty, how can I do it?",check_cancellation_fee
I have problems trying to update my address,change_shipping_address
could I know if there are any news on my reimbursement?,track_refund
how can I report troubles with online payment?,payment_issue
can i place an order from {{Delivery City}},delivery_options
I need support trying to update my address,change_shipping_address
what are the early exit penalties?,check_cancellation_fee
I don't know what I have to do to see the termination fees,check_cancellation_fee
I try to see at what time I can reach customer support,contact_customer_service
I expect a restitution of {{Refund Amount}} dollars,track_refund
I need assistance to talk to customer service,contact_customer_service
show your money back guarantee,check_refund_policy
I expect a refund of {{Currency Symbol}}{{Refund Amount}},track_refund
I do not know what to do to check the early exit fees,check_cancellation_fee
i dont know what to do to correct the delivery address,change_shipping_address
can you help me to see the current status of my refund?,track_refund
I want assistance to notify of an issue with payments,payment_issue
wanna know about modifying the shipping address,change_shipping_address
I want assistancee trying to modify my shipping address,change_shipping_address
delieries to {{Delivery City}},delivery_options
"I would like to check the delivery methods, how to do it?",delivery_options
I can't check if there is anything new on the compensation,track_refund
do ya deliver to {{Delivery City}},delivery_options
help me see the early termination fees,check_cancellation_fee
I have got to cancel purchase {{Order Number}},cancel_order
help updating my shipping address,change_shipping_address
how can I check the shipping methods?,delivery_options
help me inform of a problem with payment,payment_issue
i have got toedit the address,change_shipping_address
"I expect a fucking ocmpensation of {{Currency Symbol}}{{Refund Amount}}, was it processed",track_refund
"I need to see the reimbursement status, how can I do it?",track_refund
help me see in what cases can I ask to be reimbursed,check_refund_policy
problem with cancelling purchase {{Order Number}},cancel_order
need help to modify the shipping address,change_shipping_address
help me to see what shipment methods you offer,delivery_options
I need help seeing how long reimbursements usually take,check_refund_policy
want assistance updating my address,change_shipping_address
i cannot findthe termination penalty,check_cancellation_fee
I want to check the early termination penalty,check_cancellation_fee
issue changing shipping address,change_shipping_address
i need support modifying the  address,change_shipping_address
help me see the damn early exit fee,check_cancellation_fee
could I see in what situations can I ask for refunds?,check_refund_policy
I am trying to see in what situations can I request refunds,check_refund_policy
can I order from {{Delivery City}}?,delivery_options
can I check your reimbursement policy?,check_refund_policy
need assistance checking the early termination fee,check_cancellation_fee
help checking in what cases can I request to be reimbursed,check_refund_policy
were can I check the early termination penalty?,check_cancellation_fee
"I bought some item, cancel purchase {{Order Number}}",cancel_order
i need support trying to chane my delivery address,change_shipping_address
i want help canceling order {{Order Number}},cancel_order
how to report an issue with online payments?,payment_issue
can you show me at what time I can reach customer service?,contact_customer_service
I chose a wrong delivery addreds,change_shipping_address
where to check what hours customer service available is?,contact_customer_service
I am waiting for a restitution of {{Refund Amount}} dollars,track_refund
help me checking what shipping methods you offer,delivery_options
do you ship  to {{Delivery Country}}?,delivery_options
I want to know if there is anything wrong with my rebate,track_refund
"I am trying to find the methods for shipment, I need help",delivery_options
I need help seeing what shipment methods are there,delivery_options
assistance informing of errors with payment,payment_issue
I am waiting for an rebate of {{Currency Symbol}}{{Refund Amount}},track_refund
how to check at what time i can call customer service,contact_customer_service
I expect a refund of {{Currency Symbol}}{{Refund Amount}},track_refund
do ya ship to {{Delivery Country}},delivery_options
do you ship  to {{Delivery Country}}?,delivery_options
assistance trying to edit the shipping address,change_shipping_address
I cannot modify the delivery address,change_shipping_address
I need supports trying to modify my delivery address,change_shipping_address
i try to see ur reimbursement policy,check_refund_policy
i want help to check how long reimbursements take,check_refund_policy
need assistance tonotify of a trouble with payments,payment_issue
I need help to cancel purchase370795561790,cancel_order
I'm trying to see what hours i can call customer service,contact_customer_service
check in which situations can I ask for refunds,check_refund_policy
where can i notify of a problem with payment,payment_issue
how can i cancel purchase {{Order Number}},cancel_order
I do not know how to modify the address,change_shipping_address
help cancelling purchase {{Order Number}},cancel_order
help with canceling purchase {{Order Number}},cancel_order
cancel order {{Order Number}},cancel_order
what do I ned to do to cancel order {{Order Number}}?,cancel_order
where to see the termination charges,check_cancellation_fee
I don't know how I can check the cancellatio charges,check_cancellation_fee
is it possible to see the witdrawal penalties,check_cancellation_fee
I want help speaking to goddamn customer service,contact_customer_service
"I want to talk to customer service, how do I do it?",contact_customer_service
what do I need to do to see what shipment methods I have?,delivery_options
I  don't know what to do to correct my address,change_shipping_address
assistance to see in which situations can i request refunds,check_refund_policy
help to see in what situationscan I ask to be reimbursed,check_refund_policy
help me check in what cases can i ask for a refund,check_refund_policy
can you help me to notify of errors with payment?,payment_issue
want help notifying of a trouble with paymenst,payment_issue
there is an issue trying to change the address,change_shipping_address
how could I check the goddamn termination fee?,check_cancellation_fee
I am waiting for an refund of {{Currency Symbol}}{{Refund Amount}},track_refund
I awnt information about updating my shipping address,change_shipping_address
see in which cases can I request a reimbursement,check_refund_policy
i cannot check the compensation current status,track_refund
I want help modifying my shipping address,change_shipping_address
I am trying to check what shipping methods are there,delivery_options
question about canceling purchase {{Order Number}},cancel_order
I expect a rebate of {{Currency Symbol}}{{Refund Amount}},track_refund
where to change the address,change_shipping_address
I have got to see in what cases can I ask for a refund,check_refund_policy
notify of issues wiht payment,payment_issue
"I have got to see the cancellation charge, can you help me?",check_cancellation_fee
i purchased something how to cancel order {{Order Number}},cancel_order
i have troubles changing the address,change_shipping_address
need help to check in which case can i ask to be refunded,check_refund_policy
is it possible to check the cancellation penalty,check_cancellation_fee
i need help to ese what hours i can reach customer support,contact_customer_service
"I have to check my restitution current status, how to do it?",track_refund
what do I need to do to see the damn cancellation penalty?,check_cancellation_fee
i do not know how i can canmcel order {{Order Number}},cancel_order
where do I see what delivery methods I can choose?,delivery_options
can you help me to inform of a trouble with payment?,payment_issue
I need to see in what cases can I request reimbursements,check_refund_policy
I have a problem with cancelling order {{Order Number}},cancel_order
I have issues trying to update the shipping address,change_shipping_address
i expect a reimbursement of {{Refund Amount}} dollars,track_refund
"I have got to correct the delivery address, how to do it?",change_shipping_address
i try to speak to customer service,contact_customer_service
"I have to see what shipment options you offer, I need help",delivery_options
"I submitted a wrong address by mistake, can you edit it?",change_shipping_address
wannasee in what situations can i ask to be refunded,check_refund_policy
help seeing the methods for delivery,delivery_options
where can I cancel purchase {{Order Number}}?,cancel_order
"I want to see the status of my rebate, help me",track_refund
i expect a restitution of {{Refund Amount}} dollars,track_refund
I have a problem trying to change the delivery address,change_shipping_address
report problems with payment,payment_issue
I have problems with canceling purchase {{Order Number}},cancel_order
"I want to call customer service, how can I do it?",contact_customer_service
help with cancelling purchase {{Order Number}},cancel_order
I want to check the methods for delivery,delivery_options
can you show me in what cases can I ask to be refunded?,check_refund_policy
I'm waiting for a reimbjrsement of {{Currency Symbol}}{{Refund Amount}},track_refund
what do i have to do to inform of errors with payment,payment_issue
want assistance solving an damn payment error,payment_issue
assistance with canceling purchase {{Order Number}},cancel_order
want help to check my reimbursement current status,track_refund
shipnents to {{Delivery Country}},delivery_options
I can't modify theaddress,change_shipping_address
what do I ned to do to cancel order {{Order Number}}?,cancel_order
wanna check the iwthdrawal penalty,check_cancellation_fee
do you have a number to contact goddamn customer assistance?,contact_customer_service
"I want to check the withdrawal charges, how to do it?",check_cancellation_fee
want help to see in which situations can I ask for refunds,check_refund_policy
help seeing under which circumstances can I request a refund,check_refund_policy
want help to get in touch with customer assistance,contact_customer_service
where can i report problems with online payment,payment_issue
help me to check what delivery methods i can choose,delivery_options
I need help with cancelling purchase {{Order Number}},cancel_order
i want help solving a trouble with online paymwnts,payment_issue
"I want to see the termination fee, help me",check_cancellation_fee
need help to see in what cases can I ask for refunds,check_refund_policy
I need assistance to inform of issues with online payments,payment_issue
"I am waiting for a  refund of {{Currency Symbol}}{{Refund Amount}}, was it processed",track_refund
i do not know how to check ur refund policy,check_refund_policy
"I entered a wrong address, will you help me update it?",change_shipping_address
I have to see what hours I can reach customer support,contact_customer_service
there is an error trying to change my address,change_shipping_address
i expect an rebate of {{Refund Amount}} dollars,track_refund
i need help cancelling order {{Order Number}},cancel_order
want help to check in what situations can i ask for refunds,check_refund_policy
want help checking in what situations can I ask for a refund,check_refund_policy
I have to see what shipping options I have,delivery_options
can I check what delivery options I have?,delivery_options
"I have got to check what shipping options you offer, help me",delivery_options
there are errors trying to update my shipping address,change_shipping_address
I need to report a problem with online payment,payment_issue
problem with payments,payment_issue
I want to notify of an error with payments,payment_issue
i need help checking in what cases can i ask to be refunded,check_refund_policy
i dont know how i can see my rebate current status,track_refund
I try to check what shipment methods I have,delivery_options
I have errors editing the shipping address,change_shipping_address
help me to see at what time i can reach customer service,contact_customer_service
there is an issue changing the shipping address,change_shipping_address
shipments to {{Delivery City}},delivery_options
i do not know what i need to do to modify the address,change_shipping_address
can you show me the rebate current status?,track_refund
i have to sede the cancellation charge,check_cancellation_fee
I need assistance checking the early exit charges,check_cancellation_fee
how to report problems with payment?,payment_issue
can you help me modifying my delivery address?,change_shipping_address
want help speaking with custgomer service,contact_customer_service
I need assistance with canceling order {{Order Number}},cancel_order
I'm waiting for a refund of {{Refund Amount}} dollars,track_refund
I have  to see the early termination fee,check_cancellation_fee
can you help me report a payment issue?,payment_issue
can I check the current status of my reimbursement?,track_refund
I have got to see the cancellation penalty,check_cancellation_fee
questionn about canceling order {{Order Number}},cancel_order
can you show me the withdrawal fee?,check_cancellation_fee
i want assistance to see what shipment methods i can choose,delivery_options
information about modifying the delivery address,change_shipping_address
"I need to see in whichy cases can I ask for refunds, help me",check_refund_policy
"I have entered a wrong goddamn address, how could I edit it?",change_shipping_address
need help solving a payment error,payment_issue
I want help canceling order {{Order Number}},cancel_order
i do not know whzt to do to inform of a problem with payment,payment_issue
do uhave a toll-free customer assistance phone number,contact_customer_service
I need help to correct the delivery address,change_shipping_address
help me to see what delivery options I can choose,delivery_options
problems with canceling purchase {{Order Number}},cancel_order
"the shipping address changed, how can I edit it?",change_shipping_address
can i check what hours cusyomer support available is,contact_customer_service
I have an error correcting the goddamn delivery address,change_shipping_address
can utell me more about modifying my delivery address,change_shipping_address
I want assistance to notify of troubles with payments,payment_issue
I am waiting for a compensation of  {{Currency Symbol}}{{Refund Amount}},track_refund
i dont knwo how i can cancel purchase {{Order Number}},cancel_order
I'm waiting for a restitution oof {{Currency Symbol}}{{Refund Amount}},track_refund
I do not know how to check the early termination penalties,check_cancellation_fee
help me check what hours I can reach customer support,contact_customer_service
help me seeing what options for delivery you offer,delivery_options
I have a trouble trying to change my delivery address,change_shipping_address
check my reimbursement status,track_refund
have problems with canceling order  {{Order Number}},cancel_order
I need to notify of problems with payments,payment_issue
"I expect a rebate of {{Refund Amount}} dollars, was it processed already",track_refund
i expect a refund of {{Currency Symbol}}{{Refund Amount}} has it been processed already,track_refund
I expect an restitution of {{Currency Symbol}}{{Refund Amount}},track_refund
I want assistance to cancel purchase {{Order Number}},cancel_order
i have got to see the shipping options help me,delivery_options
can ya help me see what hours i can reach customer service,contact_customer_service
I want to check your reimbursement policy,check_refund_policy
I do not know how to report a problem with payments,payment_issue
help checking in which situations can i ask to be refunded,check_refund_policy
assistance cancelling purchase {{Order Number}},cancel_order
I have to check in which cases can I request my money back,check_refund_policy
help me check in which situations can I request refunds,check_refund_policy
can I check in which situations can I ask to be refunded?,check_refund_policy
is it possible to check the cancellation penalty?,check_cancellation_fee
i want help reporting an issue with online payments,payment_issue
is it possible to inform of issues with online payments,payment_issue
"I cannot pay, where could I inform of payment issues?",payment_issue
I want to know more about correcting my delivery address,change_shipping_address
is it possible to notify of issues with online payment?,payment_issue
assistance with canceling purchase {{Order Number}},cancel_order
can uhelp me to reoort a trouble with payments,payment_issue
where to edit my shipping address?,change_shipping_address
want help to see ur reimbursement policy,check_refund_policy
i do not want these article i try to cancel order {{Order Number}},cancel_order
want support updating the delivery dadress,change_shipping_address
i want help cancelling purchase {{Order Number}},cancel_order
can ya help me ccall customer support,contact_customer_service
I want to know about updating my delivery address,change_shipping_address
how do I know if there is anything new on my compensation?,track_refund
I have a queston about the payment,payment_issue
assistance seeing in what situations can i ask for refunds,check_refund_policy
I don't know how to cancel purchase {{Order Number}},cancel_order
I have troubles editing my address,change_shipping_address
I need help to report issues with payment,payment_issue
can you show me what delivery methods are available?,delivery_options
I have troubles trying to change the address,change_shipping_address
assistance seeing the refund current status,track_refund
support correcting my address,change_shipping_address
what are the available shipment options?,delivery_options
i have to modify my shipping address,change_shipping_address
can you help me check the termination penalty?,check_cancellation_fee
I need assistance checking the options for shipment,delivery_options
wanna knowabout updating the address,change_shipping_address
help me notifying of a problem with online payment,payment_issue
I need assistance to check the early termination fee,check_cancellation_fee
need to see at what time i can contact customer service,contact_customer_service
I need assistance to check what shipment options are there,delivery_options
"I need to check the cancellation penalties, help me",check_cancellation_fee
"I cannot make payments, could you help me report errors?",payment_issue
i do not know what to do to correct the shipping address,change_shipping_address
I am waiting for a compensation of {{Currency Symbol}}{{Refund Amount}},track_refund
I don't know what I need to do to check the early exit fee,check_cancellation_fee
I do not know how to notify of a problem with payment,payment_issue
can uhelp me check what hours customer support available is,contact_customer_service
i dont want order {{Order Number}},cancel_order
problem with cancelig order {{Order Number}},cancel_order
under which circumstances can I ask for my money back?,check_refund_policy
I need assistance trying to modify the shipping address,change_shipping_address
i expect a refund of {{Currency Symbol}}{{Refund Amount}},track_refund
"I need to see your reimbusrement policy, how to do it?",check_refund_policy
need assistance to cancel orer {{Order Number}},cancel_order
show me the withdrawal charges,check_cancellation_fee
how do I check at what time I can call customer support?,contact_customer_service
i have to check how long reufnds take how to do it,check_refund_policy
see what hours I can get in touch with customer assistance,contact_customer_service
help me to contact damn customer support,contact_customer_service
how to cancel purchase {{Order Number}}?,cancel_order
is it possible to place a order from {{Delivery Country}}?,delivery_options
I have got to see the early exit penalpties,check_cancellation_fee
"I have to check what delivery options are there, help me",delivery_options
i want assistance seeing the termination fees,check_cancellation_fee
help me see the current status of my compensation,track_refund
hlp seeing ur money back guarantee,check_refund_policy
assistance checking the current status of my restitution,track_refund
assistance to check in which cases can I request a refund,check_refund_policy
can i place an order frim {{Delivery Country}},delivery_options
wanna report a trouble with payment i need assistance,payment_issue
assistance to check in whih cases can I ask for refunds,check_refund_policy
help me see the termination charge,check_cancellation_fee
what are the cancelation fees?,check_cancellation_fee
help me see if there are any news on the rebate,track_refund
I am trying to inform of an error with paymenys,payment_issue
is it possible to see what shipping methods you offer?,delivery_options
shipments to {{Delivery Country}},delivery_options
i expecdt a refund of {{Refund Amount}} dollars,track_refund
assistance to see the refund current status,track_refund
i want help informing of problems with payment,payment_issue
have a problem with cancelling order {{Order Number}},cancel_order
I don't know how I can cancel purchase {{Order Number}},cancel_order
I want help checking what methods for delivery I can choose,delivery_options
I want help to check what shipping methods are there,delivery_options
shiping to {{Delivery City}},delivery_options
help to see ur money back policy,check_refund_policy
i do not know what to do to check the cancellation fees,check_cancellation_fee
I try to cancel purchase {{Order Number}},cancel_order
how to check the fucking rebate current status?,track_refund
where can I find information about the methods for shipping?,delivery_options
I don't know what I have to do to notify of a payment error,payment_issue
I expect a compensation of {{Currency Symbol}}{{Refund Amount}},track_refund
is it possible to order from {{Delivery Country}},delivery_options
do you deliver to {{Delivery City}} ?,delivery_options
help me to solve a payment problem,payment_issue
there is a trouble trying to update the shipping address,change_shipping_address
can uhelp me knowing if there are any news on my restitution,track_refund
I do not know how to update my shipping address,change_shipping_address
i dont know what to doto check ur money back policy,check_refund_policy
i do not know how to inform of an error with payments,payment_issue
where can I see the withdrawal penalty?,check_cancellation_fee
modify shipping address,change_shipping_address
help me to see if there is anything new on the reimbursement,track_refund
help solving a problem with online payment,payment_issue
I want to see in which cases can I ask to be reimbursed,check_refund_policy
how to check what delivery methods I have?,delivery_options
I need assistance with canceling purchase {{Order Number}},cancel_order
assistance to see what hours I can call customer service,contact_customer_service
where doi see the withdrawal penalties,check_cancellation_fee
help me check what hours i can contact customer assistance,contact_customer_service
I don't know what to do to see what shipment methods I have,delivery_options
where do I see what delivery methods are there?,delivery_options
i expect a restitution of {{Refund Amount}} dollars,track_refund
I am waiting for a reimbursement of {{Refund Amount}} dollars,track_refund
assistance to cancel purchase {{Order Number}},cancel_order
can uhelp me seeing the cancellation charge,check_cancellation_fee
want help to cancel purchase {{Order Number}},cancel_order
help to ssee in what situations can i ask for reimbursements,check_refund_policy
want help to solve errors with payment,payment_issue
I need assistance seeing the early exit fee,check_cancellation_fee
help seeing in what situations can I ask for refunds,check_refund_policy
do ya deliver to {{Delivery Country}},delivery_options
"I expect a refund of {{Currency Symbol}}{{Refund Amount}}, has it been processed?",track_refund
I want assistance to check the withdcrawal charge,check_cancellation_fee
help seeing in what cases can I request to be refudned,check_refund_policy
see in what cases can I request a reimbursement,check_refund_policy
"I need to see the withdrawal fee, how to do it?",check_cancellation_fee
i want information about correcting the shiping address,change_shipping_address
i need assistance reporting payment  problems,payment_issue
I am waiting for a rebate fo {{Refund Amount}} dollars,track_refund
i need help canceling purchase {{Order Number}},cancel_order
how do I see the early exit fee?,check_cancellation_fee
need help editing m address,change_shipping_address
could I place an order from {{Delivery Country}}?,delivery_options
I try to see what hours I can reach customer assistance,contact_customer_service
can you tell me moreabout editing the delivery address?,change_shipping_address
where can I get information about a delivery address change?,change_shipping_address
"I want to see the early exit charge, how can I do it?",check_cancellation_fee
want help seeing at what time i can contact customer service,contact_customer_service
I need assistance seeing the early termination penalties,check_cancellation_fee
can yahelp me contacting customer support,contact_customer_service
i can no longer pay for order {{Order Number}},cancel_order
how can I contact cusomer support?,contact_customer_service
i dont know what to do to cancel order {{Order Number}},cancel_order
I have a question about a shipping address change,change_shipping_address
i expect a reimbursement of {{Refund Amount}} dollars,track_refund
I can't afford purchase {{Order Number}},cancel_order
i have got to see my compensation current status,track_refund
want help to see the termination charge,check_cancellation_fee
I ned help checking the rebate current status,track_refund
I have to check in which cases can I request a refund,check_refund_policy
can i order from {{Delivery City}},delivery_options
where do I check the options for shipment?,delivery_options
delieries to {{Delivery City}},delivery_options
i do not knwo how to cancel order {{Order Number}},cancel_order
"I chose a wrong shipping address, how do I update it?",change_shipping_address
want help updating the address,change_shipping_address
how to check if there is anything wrong with my rebate?,track_refund
I have a trouble trying to change the shipping address,change_shipping_address
i have a provlem with cancelling order {{Order Number}},cancel_order
want help seeing in hwich cases can i ask to be refunded,check_refund_policy
I am trying to see how long refunds usually take,check_refund_policy
can you help me to see the compensation current status?,track_refund
how do I update my delivery address?,change_shipping_address
need help to talk to customer assistance,contact_customer_service
where can i find infirmation about correcting the address,change_shipping_address
"I would like to check the delivery options, how to do it?",delivery_options
could you show me what shipping options are there?,delivery_options
I want to check what shipping options are there,delivery_options
I am waiting for a rebate of {{Refund Amount}} dollars,track_refund
i have to check what delivery options are available,delivery_options
what do I need to do to notify of a payment error?,payment_issue
see at what time I can reach customer assistance,contact_customer_service
what si your money back guarantee?,check_refund_policy
is it possible to place an order from {{Delivery City}} ?,delivery_options
i need help to check the rebate current status,track_refund
want help to see the restitution status,track_refund
I need to cyeck the withdrawal fee,check_cancellation_fee
help me to cancel order  {{Order Number}},cancel_order
is it possible to place an order from {{Delivery City}},delivery_options
I need support trying to update my delivery address,change_shipping_address
I do not know what to do to see the early exit charge,check_cancellation_fee
is it possible to order from {{Delivery Country}}?,delivery_options
I do not know how I can update the address,change_shipping_address
assistance to track the rebate,track_refund
where can I see the temrination fees?,check_cancellation_fee
can ay help me to inform of issues with payment,payment_issue
could i order feom {{Delivery City}},delivery_options
"I have to contact customer support, help me",contact_customer_service
i have issues trying to edit my delivery address,change_shipping_address
issues changing shipping address,change_shipping_address
shipping to {{Delivery City}},delivery_options
"I need to call damn customer support, how could I do it?",contact_customer_service
"I have entered a wrong address, could I correct it?",change_shipping_address
I do not know how I can cancel purchase {{Order Number}},cancel_order
inwhat situations can I ask to be reimbursed?,check_refund_policy
is it possible to place an order from {{Delivery City}},delivery_options
I need help with an address update,change_shipping_address
I'm waiting for a refund of {{Currency Symbol}}{{Refund Amount}},track_refund
what do I have to do to see the rebate status?,track_refund
I don't know what I need to do to correct my address,change_shipping_address
i have got to check the cvancellation penalty how to do it,check_cancellation_fee
is it possible to cancel purchase {{Order Number}}?,cancel_order
help me to notify of errors with payments,payment_issue
I want to see what shipment methods I can choose,delivery_options
I don't know how I can check the withdrawal penalties,check_cancellation_fee
I have an issue trying to change the delivery address,change_shipping_address
help canceling order {{Order Number}},cancel_order
cancelling order {{Order Number}},cancel_order
do youhave an e-mail address to contact customer service?,contact_customer_service
cn I place an order from {{Delivery City}}?,delivery_options
can you help me see the current status of my reimbursement?,track_refund
I am trying to notify of an issue with payment,payment_issue
can I check the cancellation charge?,check_cancellation_fee
I expect an reimbursement of {{Currency Symbol}}{{Refund Amount}},track_refund
assistance with cancelling purchase {{Order Number}},cancel_order
I need help to check what shipment methods are available,delivery_options
could you help me  informing of an issue with payments?,payment_issue
help me to see in what situations can i request a refund,check_refund_policy
I do not know how I could change my address,change_shipping_address
how can I checkthe cancellation charges?,check_cancellation_fee
shiping to {{Delivery City}},delivery_options
what options for shipment are available?,delivery_options
where to report an error with payments?,payment_issue
assistance trying to edit the address,change_shipping_address
i try to check at what time i can contact customer support,contact_customer_service
problems with cancelling purchase {{Order Number}},cancel_order
I don't know what I need to do to inform of payment errors,payment_issue
is it possible to inform of payment issues?,payment_issue
i have got to see at what time customer support available is,contact_customer_service
how can i call customer assistance,contact_customer_service
can you help me see the termination penalty?,check_cancellation_fee
I need help to edit the address,change_shipping_address
I need help cancelling purchase {{Order Number}},cancel_order
can I talk to customer service?,contact_customer_service
i expect a compensation of {{Currency Symbol}}{{Refund Amount}},track_refund
I need hepl to report an error with online payment,payment_issue
want assistance canceling purchase {{Order Number}},cancel_order
"I can't pay, I need help to inform of problems with payment",payment_issue
I want assistance to cancel purchase {{Order Number}},cancel_order
how do I check what shipment methods are available?,delivery_options
want assistance reporting troubles with payment,payment_issue
"I have to talk to customer support, I need help",contact_customer_service
i cannot make payments help to report an error,payment_issue
"I have to see the early termination charge, can you help me?",check_cancellation_fee
do you have a toll-free number to contact customer support?,contact_customer_service
I need help with cancelling order {{Order Number}},cancel_order
there are problems tring to correct my address,change_shipping_address
need help checking the early termination fees,check_cancellation_fee
want help checking ur money back policy,check_refund_policy
help seeing in what situations can I ask to be refunded,check_refund_policy
deliveries to {{Delivery City}},delivery_options
I have to report issues with payments,payment_issue
assistance with cancelling pucrhase {{Order Number}},cancel_order
how can I see what delivery methods are available?,delivery_options
I am waiting for an rebate of {{Currency Symbol}}{{Refund Amount}},track_refund
canceling purchase {{Order Number}},cancel_order
I am waiting for a compensation of {{Refund Amount}} dollars,track_refund
want assistance notifying of errors with payment,payment_issue
report a goddamn problem with payment,payment_issue
"I cannot make payments, could I report a problem?",payment_issue
I do not know how to notify of a payment problem,payment_issue
I want help seeing the withdrawal charges,check_cancellation_fee
what do I have to do to cancel purchase {{Order Number}}?,cancel_order
how do I report an issue with online payment?,payment_issue
help to edit the delivery aderess,change_shipping_address
I expect a reimbursement of {{Currency Symbol}}{{Refund Amount}},track_refund
I am waiting for a reimbursement of {{Refund Amount}} dollars,track_refund
i have got to see ur refund policy can uhelp me,check_refund_policy
can you help me know if there are any updates on my refund?,track_refund
could you tell me about changing my delivery address?,change_shipping_address
"I need to see the termination penalty, how can I do it?",check_cancellation_fee
i want  information about changing the address,change_shipping_address
I do not know how to inform of payment problems,payment_issue
I have issues changing my shipping address,change_shipping_address
check the available methods for delivery,delivery_options
wanna check in what cases can i request a refund,check_refund_policy
help checking in which situations can I ask for a refund,check_refund_policy
I want assistance seeing the early termination fees,check_cancellation_fee
how to see the rebate current status?,track_refund
"my card was declined, where do I report a payment error?",payment_issue
need assistance reporting payment erroors,payment_issue
"the shipping address changed, is it possible to update it?",change_shipping_address
help  me cancelling purchase {{Order Number}},cancel_order
help seeing what hours I can reach customer support,contact_customer_service
help me to speak with customer assistance,contact_customer_service
I try to check the delivery methods,delivery_options
help me seeing if there are any updates on the reimbursement,track_refund
assistance to talk to customer service,contact_customer_service
check the withdrawal fees,check_cancellation_fee
i have to check in which cases can i ask to be refunded,check_refund_policy
I don't know how I can see the termination charges,check_cancellation_fee
i want help to check the early exit penalties,check_cancellation_fee
i do not know how i can checkj the termination penalties,check_cancellation_fee
need help checking what shipment methods I can choose,delivery_options
can you help me see the withdrawal charge?,check_cancellation_fee
i need help to check the early exit fees,check_cancellation_fee
can ya help me report payment issues,payment_issue
assistance with canceling purchase {{Order Number}},cancel_order
could you help me talking ot bloody customer service?,contact_customer_service
i cant see ur money back policy,check_refund_policy
I need to update my address,change_shipping_address
reporting issues with online payments,payment_issue
I want help to check the early termination charges,check_cancellation_fee
problems with canceling purchase {{Order Number}},cancel_order
show me in which cases can I ask to be refunded,check_refund_policy
can you help me check what delivery methods are available?,delivery_options
I am trying to check the damn withdrawal penalty,check_cancellation_fee
is it possibleto place an order from {{Delivery City}},delivery_options
can uhelp me to see in which cases can i ask to be refunded,check_refund_policy
I do not know how I can notify of a payment issue,payment_issue
"I doln't want order {{Order Number}}, can you cancel it?",cancel_order
i expect a restitution of {{Refund Amount}} dollafs,track_refund
I have to see the early termination penalty,check_cancellation_fee
i dont know how i can call customer assistance,contact_customer_service
hwat do I have to do to see the early termination charges?,check_cancellation_fee
how do i talk with customer support,contact_customer_service
shipmetns to {{Delivery City}},delivery_options
help me inform of an error with online payment,payment_issue
see early exit fee,check_cancellation_fee
can I see under which circumstances can I ask for a refund?,check_refund_policy
can you help me canceling order {{Order Number}}?,cancel_order
where can i correct the delivery address,change_shipping_address
help trying to update the delivery address,change_shipping_address
i dot know what to do to notify of damn payment issues,payment_issue
I'm looking for infdormation about editing the address,change_shipping_address
I want to see in which cases can I ask for reimbursements,check_refund_policy
I do not know how to check the rebate current status,track_refund
I cannot correct the shipping address,change_shipping_address
what is the charge  for breaking the contract,check_cancellation_fee
can i place an oeder from {{Delivery City}},delivery_options
i dont know how i can see the termination penalties,check_cancellation_fee
help me to see in which cases can I request a reimbursement,check_refund_policy
I want to see my rebate status,track_refund
information about the options for shipping,delivery_options
supports changing the shipping address,change_shipping_address
want assistance to notify of issues with payments,payment_issue
I don't know how I can check the fucking withdrawal charges,check_cancellation_fee
what time can I reach customer support?,contact_customer_service
know if there is anything new on the rebate,track_refund
how can I see what shipping methods are there?,delivery_options
I have to edit my shipping address,change_shipping_address
want assistance to update my shipping address,change_shipping_address
how to see at what time customer service available is?,contact_customer_service
"I expect a bloody refund of {{Currency Symbol}}{{Refund Amount}}, has it been processed?",track_refund
i dont know how i could track the rebate,track_refund
help checking in what cases can i request to be refunded,check_refund_policy
I'd like to check in which situations can i ask for a refund,check_refund_policy
I need to see in which cases can I ask for reimbursements,check_refund_policy
see cancellation charge,check_cancellation_fee
how to know if there are any updates on my reimbursement?,track_refund
how do I notify of payment problems?,payment_issue
want help to report errors with online paymen,payment_issue
can you help me solve issues with online payments?,payment_issue
I want supports changing my delivery address,change_shipping_address
is it possible to order from {{Delivery City}},delivery_options
do you deliver to {{Delivery City}} ?,delivery_options
want assistance contacting customer support,contact_customer_service
I need assistance to inform of issues with payments,payment_issue
is it plssible to order from {{Delivery Country}}?,delivery_options
help me seeing if there are any updates on the compensation,track_refund
where do i check what hours i can call customer assistance,contact_customer_service
"I have to check the options for shipping, how could I do it?",delivery_options
there is an error trying to update my address,change_shipping_address
I do not know how I could change my shipping address,change_shipping_address
i have got to check what shipment options are available,delivery_options
I don't know what I have to do to see your money back policy,check_refund_policy
I have entered a wrong shipping address by mistae,change_shipping_address
assistance to solve a fucking payment error,payment_issue
how to check the termination charges?,check_cancellation_fee
I'd like to correct the bloody dadress can i get some help,change_shipping_address
I need help seeing what hours customer service available is,contact_customer_service
I want to report payment errors,payment_issue
i have errors modifying my shipping address,change_shipping_address
is it possible to chcek the termination charges?,check_cancellation_fee
I expect a refund of {{Refund Amount}} dollars,track_refund
check at what time I can contact customer service,contact_customer_service
i dont know how to cancel purchase {{Order Number}},cancel_order
I need help canceling order {{Order Number}},cancel_order
i need assistance with canceling purchase {{Order Number}},cancel_order
where can i notify of errors with online payments,payment_issue
"I want to see the cancellation fees, I need assistance",check_cancellation_fee
reporting issue with payments,payment_issue
i expect a damn restitution of {{Currency Symbol}}{{Refund Amount}},track_refund
i have got to get in touch with customer support help me,contact_customer_service
supports editing the shipping address,change_shipping_address
i have got to see ur refund policy,check_refund_policy
I'm waiting for a reimbursement of {{Currency Symbol}}{{Refund Amount}},track_refund
need help seeing in which cases can  I request a refund,check_refund_policy
in which situationscan i ask to be refunded,check_refund_policy
check what hours i can get in touch with customer service,contact_customer_service
I want support chanigng my delivery address,change_shipping_address
i bought somegoddamn item how do i cancel order {{Order Number}},cancel_order
I want assistance solving troubles with online payment,payment_issue
assistance editing the shipping address,change_shipping_address
want help to check what hours i cancall customer service,contact_customer_service
I am waiting for a restitution of {{Refund Amount}} dollars,track_refund
could you help me change the shipping address?,change_shipping_address
I have problems with cancelling order {{Order Number}},cancel_order
help to check in which situations can I ask for refunds,check_refund_policy
wanna talk with customer assistance,contact_customer_service
i expect an rebate of {{Currency Symbol}}{{Refund Amount}},track_refund
can I see the withdrawal charges?,check_cancellation_fee
I have to check what shipment options I can choose,delivery_options
help with an address modification,change_shipping_address
how can I contact customer service?,contact_customer_service
what do I have to do to check the cancellation charges?,check_cancellation_fee
I want help checking what shipment options I can choose,delivery_options
is it possible to place an order from {{Delivery City}},delivery_options
help to check in what cases can i request reimbursements,check_refund_policy
help me calling customer service,contact_customer_service
i do not know how to notify of a trouble with online payment,payment_issue
"I want to check the termination fee , help me",check_cancellation_fee
I don't know how to check the goddamn shipment methods,delivery_options
how to see what methods for delivery I can choose?,delivery_options
want assistance to notify of a problem with payment,payment_issue
can you help me check what delivery methods are there?,delivery_options
do you deliver to {{Delivery City}}?,delivery_options
i want supports trying to correct the address,change_shipping_address
help me to see at what time I can contact customer service,contact_customer_service
I don't know how to check my restitution status,track_refund
I do not know what I need to do to inform of a payment issue,payment_issue
i have put the old address by mistkae help me modifying it,change_shipping_address
how can I inform of an issue with payment?,payment_issue
where could I cancel purchase {{Order Number}}?,cancel_order
show me in which cases can I request refunds,check_refund_policy
is it possible to call customer assidtance?,contact_customer_service
"I am looking for the delivery options, can you help me?",delivery_options
see my restitution current status,track_refund
I have an issue modifying the bloody address,change_shipping_address
"I have to see the status of my reimbursement, I need help",track_refund
help me checking at what time i can reach customer support,contact_customer_service
"I have to talk to customer service, I need assistance",contact_customer_service
"I bought the same item twice, cancel order {{Order Number}}",cancel_order
i have an question about the payment,payment_issue
need help to change my delivery address,change_shipping_address
I'm trying to se the withdrawal fees,check_cancellation_fee
want help to see what hours I can call customer assistance,contact_customer_service
see the termination fees,check_cancellation_fee
want assistance informing of problems with payments,payment_issue
is it possible to place an order from {{Delivery City}} ?,delivery_options
I am trying to change my address,change_shipping_address
assistance seeing the cancellation charge,check_cancellation_fee
I am trying to notify of problems with onine payments,payment_issue
do ya ship to {{Delivery Country}},delivery_options
i need assistance cancelling purchase {{Order Number}},cancel_order
i can no longer pay fororder {{Order Number}} cancel it,cancel_order
help seeing what hours I can contact customer assistance,contact_customer_service
"I have got to check the methods for shipment, I need help",delivery_options
can you help me see the current status of the rebate?,track_refund
I need help seeing your money back guarantee,check_refund_policy
i want assistance seeing what shipment methods are there,delivery_options
"I have to check my reimbursement status, how could I do it?",track_refund
i want help reporting a payment issue,payment_issue
check what hours I can get in touch with customer service,contact_customer_service
"I am looking for the methods for shipment, I need help",delivery_options
can I see at what time I can contact customer service?,contact_customer_service
I am waiting for an restitution of {{Currency Symbol}}{{Refund Amount}},track_refund
I need to talk with customer service,contact_customer_service
"I have to speak with customer support, how can I do it?",contact_customer_service
i dont know what i need to do to see the withdrawal fee,check_cancellation_fee
problem with canceling purchase {{Order Number}},cancel_order
assistance to cancel purchase {{Order Number}},cancel_order
show me in which situations can i request my money back,check_refund_policy
assistance checking what hours I can call customer suoport,contact_customer_service
can ya help me to cancel order {{Order Number}},cancel_order
can you tell me more about changing the address?,change_shipping_address
have a problem with cancelling order {{Order Number}},cancel_order
wantr help to solve issues with payment,payment_issue
there are errors trying to edit my delivery address,change_shipping_address
need ot cancel purchase {{Order Number}},cancel_order
I expect a compendation of {{Currency Symbol}}{{Refund Amount}},track_refund
I don't know what I need to do to speak to customer service,contact_customer_service
can you tell me about editing the shipping address?,change_shipping_address
I cannot afford order {{Order Number}},cancel_order
I don't know how to see what delivery options I have,delivery_options
i expect an refund of {{Currency Symbol}}{{Refund Amount}} has it been processed,track_refund
help me knowing if there are any updates on the refund,track_refund
"I would like to see the termination penalties, help me",check_cancellation_fee
where to see the withdrawal charge,check_cancellation_fee
can uhelp me to talk to customer assistance,contact_customer_service
can you help me seeing in which cases can I request refunds?,check_refund_policy
where do i check the restitution status,track_refund
help me see if there are any updates on my reimbursement,track_refund
"I want to update my shipping address, how to do it?",change_shipping_address
I want help to check what hours I can reach customer support,contact_customer_service
I'm waiting for a reimbursement of {{Refund Amount}} dollars,track_refund
assistance canceling purchase {{Order Number}},cancel_order
"I purchased some damn product, help me cancel order {{Order Number}}",cancel_order
I want to see in what cases can I ask for reimbursements,check_refund_policy
can you help me talking to customer service?,contact_customer_service
how can I track the compensation?,track_refund
wanna see the fucking withdrawal charges how can i do it,check_cancellation_fee
I need assistance canceling ordr {{Order Number}},cancel_order
how do I see at what time customer assistance available is?,contact_customer_service
want help seeing the refund status,track_refund
help me checking what shipping methods are available,delivery_options
i dont want order {{Order Number}},cancel_order
where to update my shipping address?,change_shipping_address
do you ship to {{Delivery Country}}?,delivery_options
can you help me seeing your refund policy?,check_refund_policy
cancel purchase {{Order Number}},cancel_order
there are troubles editing my shipping addrss,change_shipping_address
can you show me in what situations can I request refunds?,check_refund_policy
talking to customer support,contact_customer_service
can I place an ordewr from {{Delivery Country}}?,delivery_options
shipments to {{Delivery City}},delivery_options
is it possible toorder from {{Delivery City}},delivery_options
where do I see what shipping options I have?,delivery_options
could you tell me about correcting my shipping address?,change_shipping_address
I'm trying to see ur reimbursement policy,check_refund_policy
I want to see the early exit penalty,check_cancellation_fee
where to cancel purchase {{Order Number}}?,cancel_order
help me seeing what delivery options I can choose,delivery_options
I have to see in which cases can I ask to be refunded,check_refund_policy
help to see at what time customer service available is,contact_customer_service
what do i have to do to check  ur damn reimbursement policy,check_refund_policy
can you help me to speak to customer assistance?,contact_customer_service
"I need to see your money back policy, can you hep me?",check_refund_policy
I need help with canceling order {{Order Number}},cancel_order
i cannot check if there is anything new on the reimbursement,track_refund
I want help to see the early exit fees,check_cancellation_fee
I don't know what to do to see the methods for shipping,delivery_options
assistance to solve troubles with payments,payment_issue
I am trying to check what delivery methods you offer,delivery_options
I need help checking what bloody delivery methods are there,delivery_options
help me checking in what situations can I ask for a refund,check_refund_policy
can you tell me about a shipping address update?,change_shipping_address
assistance seeing the termination charge,check_cancellation_fee
I want to see in which cases can I request a refund,check_refund_policy
I have to report problems with online payment,payment_issue
I try to know if there is anything new on my compensation,track_refund
i need help to see the early exit charrges,check_cancellation_fee
i want assistance checking ur money back policy,check_refund_policy
is it possible to place a order from {{Delivery Country}}?,delivery_options
I need to know if there is anything new on my refund,track_refund
"I can't make payments, assistance informing of problems",payment_issue
how could i report errors with online payments,payment_issue
check the cancellation penalties,check_cancellation_fee
i have got to modify my shipping address how to do it,change_shipping_address
I do not know howq to report an error with online payments,payment_issue
can I order from {{Delivery City}}?,delivery_options
assistance with cancelling purchase {{Order Number}},cancel_order
show me the early exit penalty,check_cancellation_fee
how do i cancel order {{Order Number}},cancel_order
I want help cancelling purchase {{Order Number}},cancel_order
help to check the compensation current status,track_refund
I have to get in touch with customer service,contact_customer_service
I want assistance to modify the shipping address,change_shipping_address
where can i check themethods for shipment,delivery_options
were could I check your money back policy?,check_refund_policy
i want help checking in which cases can i ask for refunss,check_refund_policy
can you help me calling customer support?,contact_customer_service
need help with cfanceling order {{Order Number}},cancel_order
"I want to see the withdrawal fees, how can I do it?",check_cancellation_fee
i expect a restitution of {{Refund Amount}} dollafs,track_refund
I want help seeing the withdrawal penalties,check_cancellation_fee
I need help updating my shipping address,change_shipping_address
i have to check at what time i can contact custome support,contact_customer_service
help me call customer service,contact_customer_service
assistance knowing if there are any news on my rebate,track_refund
help me to check your reimbursement policy,check_refund_policy
check in what cases can i request to be refunded,check_refund_policy
where to notify of a trouble with online payments,payment_issue
need to see what hours customer assistance available is,contact_customer_service
"I expect a compensation of {{Currency Symbol}}{{Refund Amount}}, was it processed already",track_refund
status of refund,track_refund
I do not know what I have to do to talk to customer suppory,contact_customer_service
wanna check ur refund policy i need help,check_refund_policy
show cancellation penalty,check_cancellation_fee
see in which cases can I ask for my goddamn money back,check_refund_policy
how casn i check at what time i can contact customer support,contact_customer_service
can you help me cancelling purchase {{Order Number}}?,cancel_order
I need supports trying to update my shipping address,change_shipping_address
I am trying to see the early exit penalties,check_cancellation_fee
question about canceling purchase {{Order Number}},cancel_order
i have to cancel purchase {{Order Number}},cancel_order
i want help to report a payment issue,payment_issue
assistance checking in which cases can i ask to be refunded,check_refund_policy
I need help to inform of a problem with payments,payment_issue
how to know if there is anything new on the rebate?,track_refund
wanna check in which cases can i ask for a refund,check_refund_policy
I am trying to find information about updating the address,change_shipping_address
shiping to {{Delivery City}},delivery_options
i want assistance to call customer support,contact_customer_service
I expect a compensation of {{Refund Amount}} dollars,track_refund
I don't know what I need to do to modify my delivery address,change_shipping_address
want help informing of a problem with online payments,payment_issue
help checking in which cases can I request a fucking refund,check_refund_policy
I want to see in what cases can I ask to be reimbursed,check_refund_policy
what do I need to do to see the early exit penalties?,check_cancellation_fee
I expect a rebate of {{Currency Symbol}}{{Refund Amount}},track_refund
can I check at what time I can call customer support?,contact_customer_service
issues with payment,payment_issue
need to inform of issues with payment,payment_issue
I no longer want purchase {{Order Number}},cancel_order
where do i see at what time i can call customer assistance,contact_customer_service
i need help seeing the early termination charge,check_cancellation_fee
uhave a free number to get in touch with customer assistance,contact_customer_service
where to check the termination fee?,check_cancellation_fee
wanna see at what time customer service available is,contact_customer_service
where do i check the withdrawal fees,check_cancellation_fee
could I see the damn shipment methods?,delivery_options
need help to see in what cases can I ask to be reimbursed,check_refund_policy
I want assistance modifying my shippimg address,change_shipping_address
assistance to see the status of my compensation,track_refund
i do not know how i can inform of issues with online payment,payment_issue
i want help informing of troubles with online payment,payment_issue
could Iplace an order from {{Delivery City}}?,delivery_options
need help to check in which cases can I request refunds,check_refund_policy
"I want to check the status of my rebate, I need assistance",track_refund
"I want to update my delivery address, help me",change_shipping_address
where do i check ur goddamn money bafk guarantee,check_refund_policy
i expect an reimbursement of {{Refund Amount}} dollars,track_refund
help seeing in what cases can I ask for reimbursements,check_refund_policy
can I see in which cases can I request a refund?,check_refund_policy
check your refund policy,check_refund_policy
can i check i which situations can i ask to be reimbursed,check_refund_policy
"I want to talk with fucking customer support, help me",contact_customer_service
I need assistance trying to correct my delivery address,change_shipping_address
i need help to notify of payment errors,payment_issue
how could I check what methods for delivery I can choose?,delivery_options
how can I notify of an error with online payments?,payment_issue
help checking in which cases can i request a reimbursement,check_refund_policy
help to talk with customer assistance,contact_customer_service
is it possible to check the early termination charge?,check_cancellation_fee
where to inform of problems with online payments ?,payment_issue
I need help to check what shipment methods are there,delivery_options
i do not know how i can see the early termination penalties,check_cancellation_fee
i dont know how to check the cancellation charge,check_cancellation_fee
help checking in which cases can i request a reimburement,check_refund_policy
where do I check the early termination penalty?,check_cancellation_fee
I want assistance canceling purchase {{Order Number}},cancel_order
